#
# There is insufficient memory for the Java Runtime Environment to continue.
# Native memory allocation (mmap) failed to map 62914560 bytes. Error detail: G1 virtual space
# Possible reasons:
#   The system is out of physical RAM or swap space
#   This process is running with CompressedOops enabled, and the Java Heap may be blocking the growth of the native heap
# Possible solutions:
#   Reduce memory load on the system
#   Increase physical memory or swap space
#   Check if swap backing store is full
#   Decrease Java heap size (-Xmx/-Xms)
#   Decrease number of Java threads
#   Decrease Java thread stack sizes (-Xss)
#   Set larger code cache with -XX:ReservedCodeCacheSize=
#   JVM is running with Zero Based Compressed Oops mode in which the Java heap is
#     placed in the first 32GB address space. The Java Heap base address is the
#     maximum limit for the native heap growth. Please use -XX:HeapBaseMinAddress
#     to set the Java Heap base and to place the Java Heap above 32GB virtual address.
# This output file may be truncated or incomplete.
#
#  Out of Memory Error (os_windows.cpp:3828), pid=21200, tid=11924
#
# JRE version: OpenJDK Runtime Environment (21.0.4) (build 21.0.4+-12508038-b607.1)
# Java VM: OpenJDK 64-Bit Server VM (21.0.4+-12508038-b607.1, mixed mode, tiered, compressed oops, compressed class ptrs, g1 gc, windows-amd64)
# No core dump will be written. Minidumps are not enabled by default on client versions of Windows
#

---------------  S U M M A R Y ------------

Command Line: --add-opens=java.base/java.lang=ALL-UNNAMED --add-opens=java.base/java.lang.invoke=ALL-UNNAMED --add-opens=java.base/java.util=ALL-UNNAMED --add-opens=java.prefs/java.util.prefs=ALL-UNNAMED --add-exports=jdk.compiler/com.sun.tools.javac.api=ALL-UNNAMED --add-exports=jdk.compiler/com.sun.tools.javac.util=ALL-UNNAMED --add-opens=java.base/java.util=ALL-UNNAMED --add-opens=java.prefs/java.util.prefs=ALL-UNNAMED --add-opens=java.base/java.nio.charset=ALL-UNNAMED --add-opens=java.base/java.net=ALL-UNNAMED --add-opens=java.base/java.util.concurrent.atomic=ALL-UNNAMED --add-opens=java.xml/javax.xml.namespace=ALL-UNNAMED -XX:MaxMetaspaceSize=2G -XX:+HeapDumpOnOutOfMemoryError -Xmx4G -Dfile.encoding=UTF-8 -Duser.country=ID -Duser.language=en -Duser.variant -javaagent:C:\Users\ASUS\.gradle\wrapper\dists\gradle-8.14-all\c2qonpi39x1mddn7hk5gh9iqj\gradle-8.14\lib\agents\gradle-instrumentation-agent-8.14.jar org.gradle.launcher.daemon.bootstrap.GradleDaemon 8.14

Host: AMD Ryzen 3 3250U with Radeon Graphics         , 4 cores, 5G,  Windows 11 , 64 bit Build 26100 (10.0.26100.9168)
Time: Thu Aug 20 14:39:16 2026 SE Asia Standard Time elapsed time: 82.346136 seconds (0d 0h 1m 22s)

---------------  T H R E A D  ---------------

Current thread (0x0000021052828960):  VMThread "VM Thread"          [id=11924, stack(0x0000003be7000000,0x0000003be7100000) (1024K)]

Stack: [0x0000003be7000000,0x0000003be7100000]
Native frames: (J=compiled Java code, j=interpreted, Vv=VM code, C=native code)
V  [jvm.dll+0x6ce539]
V  [jvm.dll+0x85bf03]
V  [jvm.dll+0x85e45e]
V  [jvm.dll+0x85eb43]
V  [jvm.dll+0x27dd06]
V  [jvm.dll+0x6cada5]
V  [jvm.dll+0x6bf27a]
V  [jvm.dll+0x3541fb]
V  [jvm.dll+0x35be36]
V  [jvm.dll+0x3adbc6]
V  [jvm.dll+0x3ade98]
V  [jvm.dll+0x32691c]
V  [jvm.dll+0x3269a7]
V  [jvm.dll+0x36c78c]
V  [jvm.dll+0x36af3e]
V  [jvm.dll+0x326071]
V  [jvm.dll+0x36a650]
V  [jvm.dll+0x8648c8]
V  [jvm.dll+0x865c44]
V  [jvm.dll+0x866180]
V  [jvm.dll+0x866413]
V  [jvm.dll+0x804418]
V  [jvm.dll+0x6cce0d]
C  [ucrtbase.dll+0x2cd30]
C  [KERNEL32.DLL+0x2ccb7]
C  [ntdll.dll+0xaad6c]

VM_Operation (0x0000003be8afe690): G1CollectForAllocation, mode: safepoint, requested by thread 0x000002105880fee0


---------------  P R O C E S S  ---------------

Threads class SMR info:
_java_thread_list=0x0000021057b8e1a0, length=85, elements={
0x0000021039083fc0, 0x000002105287cef0, 0x0000021052881580, 0x000002105288c790,
0x000002105288d1f0, 0x000002105288dc50, 0x000002105288e6b0, 0x000002105288f440,
0x00000210528b4320, 0x00000210529868e0, 0x0000021052b9f940, 0x0000021057b1eae0,
0x00000210587b2b50, 0x00000210572ce610, 0x000002105883df90, 0x00000210589ccfe0,
0x000002105883a7d0, 0x000002105883ae40, 0x000002105880e4a0, 0x000002105880f1c0,
0x0000021058811290, 0x000002105880eb30, 0x0000021058810c00, 0x000002105880fee0,
0x0000021058810570, 0x0000021058811920, 0x00000210592774e0, 0x0000021059278200,
0x0000021059276e50, 0x0000021059278890, 0x0000021059278f20, 0x0000021059277b70,
0x0000021059279c40, 0x00000210592767c0, 0x000002105927dde0, 0x000002105927d0c0,
0x000002105927b680, 0x000002105927bd10, 0x0000021059499670, 0x0000021059499d00,
0x000002105949a390, 0x000002105949aa20, 0x00000210594975a0, 0x00000210594982c0,
0x0000021059497c30, 0x0000021059498950, 0x0000021059498fe0, 0x000002105a26e7c0,
0x000002105a26cd80, 0x000002105a26d410, 0x000002105a26c060, 0x000002105a26e130,
0x000002105a26fb70, 0x000002105a26ee50, 0x000002105a26f4e0, 0x000002105a26daa0,
0x000002105afadb30, 0x000002105afafc00, 0x000002105afb1640, 0x000002105afae1c0,
0x000002105afb0290, 0x000002105afb1cd0, 0x000002105afaeee0, 0x000002105afb29f0,
0x000002105afb2360, 0x000002105afaf570, 0x000002105a2715b0, 0x000002105a271c40,
0x000002105b4f5420, 0x000002105b4f4d90, 0x000002105b4f39e0, 0x000002105b4f2630,
0x000002105b4f2cc0, 0x000002105b4f4700, 0x000002105b4f5ab0, 0x000002105b4f7b80,
0x000002105b4f88a0, 0x000002105b4f9c50, 0x000002105b4f8210, 0x000002105b4f8f30,
0x000002105b4f95c0, 0x00000210641defc0, 0x00000210641de2a0, 0x00000210641df650,
0x00000210641e1090
}

Java Threads: ( => current thread )
  0x0000021039083fc0 JavaThread "main"                              [_thread_blocked, id=21964, stack(0x0000003be6900000,0x0000003be6a00000) (1024K)]
  0x000002105287cef0 JavaThread "Reference Handler"          daemon [_thread_blocked, id=22236, stack(0x0000003be7100000,0x0000003be7200000) (1024K)]
  0x0000021052881580 JavaThread "Finalizer"                  daemon [_thread_blocked, id=16908, stack(0x0000003be7200000,0x0000003be7300000) (1024K)]
  0x000002105288c790 JavaThread "Signal Dispatcher"          daemon [_thread_blocked, id=18652, stack(0x0000003be7300000,0x0000003be7400000) (1024K)]
  0x000002105288d1f0 JavaThread "Attach Listener"            daemon [_thread_blocked, id=1456, stack(0x0000003be7400000,0x0000003be7500000) (1024K)]
  0x000002105288dc50 JavaThread "Service Thread"             daemon [_thread_blocked, id=8308, stack(0x0000003be7500000,0x0000003be7600000) (1024K)]
  0x000002105288e6b0 JavaThread "Monitor Deflation Thread"   daemon [_thread_blocked, id=68, stack(0x0000003be7600000,0x0000003be7700000) (1024K)]
  0x000002105288f440 JavaThread "C2 CompilerThread0"         daemon [_thread_blocked, id=16332, stack(0x0000003be7700000,0x0000003be7800000) (1024K)]
  0x00000210528b4320 JavaThread "C1 CompilerThread0"         daemon [_thread_blocked, id=12384, stack(0x0000003be7800000,0x0000003be7900000) (1024K)]
  0x00000210529868e0 JavaThread "Common-Cleaner"             daemon [_thread_blocked, id=18112, stack(0x0000003be7900000,0x0000003be7a00000) (1024K)]
  0x0000021052b9f940 JavaThread "Notification Thread"        daemon [_thread_blocked, id=21480, stack(0x0000003be7a00000,0x0000003be7b00000) (1024K)]
  0x0000021057b1eae0 JavaThread "Daemon health stats"               [_thread_blocked, id=4036, stack(0x0000003be7e00000,0x0000003be7f00000) (1024K)]
  0x00000210587b2b50 JavaThread "Incoming local TCP Connector on port 56390"        [_thread_in_native, id=2796, stack(0x0000003be7f00000,0x0000003be8000000) (1024K)]
  0x00000210572ce610 JavaThread "Daemon periodic checks"            [_thread_blocked, id=17868, stack(0x0000003be8000000,0x0000003be8100000) (1024K)]
  0x000002105883df90 JavaThread "Daemon"                            [_thread_blocked, id=20060, stack(0x0000003be8100000,0x0000003be8200000) (1024K)]
  0x00000210589ccfe0 JavaThread "Handler for socket connection from /127.0.0.1:56390 to /127.0.0.1:56391"        [_thread_in_native, id=3880, stack(0x0000003be8200000,0x0000003be8300000) (1024K)]
  0x000002105883a7d0 JavaThread "Cancel handler"                    [_thread_blocked, id=20568, stack(0x0000003be8300000,0x0000003be8400000) (1024K)]
  0x000002105883ae40 JavaThread "Daemon worker"                     [_thread_blocked, id=18752, stack(0x0000003be8400000,0x0000003be8500000) (1024K)]
  0x000002105880e4a0 JavaThread "Asynchronous log dispatcher for DefaultDaemonConnection: socket connection from /127.0.0.1:56390 to /127.0.0.1:56391"        [_thread_blocked, id=20420, stack(0x0000003be8500000,0x0000003be8600000) (1024K)]
  0x000002105880f1c0 JavaThread "Stdin handler"                     [_thread_blocked, id=12264, stack(0x0000003be8600000,0x0000003be8700000) (1024K)]
  0x0000021058811290 JavaThread "Daemon client event forwarder"        [_thread_blocked, id=21056, stack(0x0000003be8700000,0x0000003be8800000) (1024K)]
  0x000002105880eb30 JavaThread "Cache worker for journal cache (C:\Users\ASUS\.gradle\caches\journal-1)"        [_thread_blocked, id=22272, stack(0x0000003be8800000,0x0000003be8900000) (1024K)]
  0x0000021058810c00 JavaThread "File lock request listener"        [_thread_in_native, id=12140, stack(0x0000003be8900000,0x0000003be8a00000) (1024K)]
  0x000002105880fee0 JavaThread "Cache worker for file hash cache (C:\Users\ASUS\.gradle\caches\8.14\fileHashes)"        [_thread_blocked, id=19128, stack(0x0000003be8a00000,0x0000003be8b00000) (1024K)]
  0x0000021058810570 JavaThread "Cache worker for file hash cache (D:\SIMPEG\android\.gradle\8.14\fileHashes)"        [_thread_blocked, id=21752, stack(0x0000003be8c00000,0x0000003be8d00000) (1024K)]
  0x0000021058811920 JavaThread "Cache worker for Build Output Cleanup Cache (D:\SIMPEG\android\.gradle\buildOutputCleanup)"        [_thread_blocked, id=13112, stack(0x0000003be8d00000,0x0000003be8e00000) (1024K)]
  0x00000210592774e0 JavaThread "File watcher server"        daemon [_thread_in_native, id=4768, stack(0x0000003be8b00000,0x0000003be8c00000) (1024K)]
  0x0000021059278200 JavaThread "File watcher consumer"      daemon [_thread_blocked, id=15188, stack(0x0000003be8e00000,0x0000003be8f00000) (1024K)]
  0x0000021059276e50 JavaThread "jar transforms"                    [_thread_blocked, id=15628, stack(0x0000003be9000000,0x0000003be9100000) (1024K)]
  0x0000021059278890 JavaThread "Cache worker for checksums cache (D:\SIMPEG\android\.gradle\8.14\checksums)"        [_thread_blocked, id=3224, stack(0x0000003be9100000,0x0000003be9200000) (1024K)]
  0x0000021059278f20 JavaThread "Cache worker for file content cache (C:\Users\ASUS\.gradle\caches\8.14\fileContent)"        [_thread_blocked, id=19480, stack(0x0000003be9200000,0x0000003be9300000) (1024K)]
  0x0000021059277b70 JavaThread "Cache worker for cache directory md-supplier (C:\Users\ASUS\.gradle\caches\8.14\md-supplier)"        [_thread_blocked, id=12300, stack(0x0000003be9300000,0x0000003be9400000) (1024K)]
  0x0000021059279c40 JavaThread "Cache worker for cache directory md-rule (C:\Users\ASUS\.gradle\caches\8.14\md-rule)"        [_thread_blocked, id=12652, stack(0x0000003be9400000,0x0000003be9500000) (1024K)]
  0x00000210592767c0 JavaThread "Cache worker for Build Output Cleanup Cache (C:\flutter\packages\flutter_tools\gradle\.gradle\buildOutputCleanup)"        [_thread_blocked, id=13008, stack(0x0000003be8f00000,0x0000003be9000000) (1024K)]
  0x000002105927dde0 JavaThread "Memory manager"                    [_thread_blocked, id=21952, stack(0x0000003be9600000,0x0000003be9700000) (1024K)]
  0x000002105927d0c0 JavaThread "included builds"                   [_thread_blocked, id=12900, stack(0x0000003be9700000,0x0000003be9800000) (1024K)]
  0x000002105927b680 JavaThread "Execution worker"                  [_thread_blocked, id=840, stack(0x0000003be9800000,0x0000003be9900000) (1024K)]
  0x000002105927bd10 JavaThread "Execution worker Thread 2"         [_thread_blocked, id=6840, stack(0x0000003be9900000,0x0000003be9a00000) (1024K)]
  0x0000021059499670 JavaThread "Execution worker Thread 3"         [_thread_blocked, id=15764, stack(0x0000003be9a00000,0x0000003be9b00000) (1024K)]
  0x0000021059499d00 JavaThread "Cache worker for execution history cache (C:\flutter\packages\flutter_tools\gradle\.gradle\8.14\executionHistory)"        [_thread_blocked, id=21348, stack(0x0000003be9b00000,0x0000003be9c00000) (1024K)]
  0x000002105949a390 JavaThread "Unconstrained build operations"        [_thread_blocked, id=19500, stack(0x0000003be9c00000,0x0000003be9d00000) (1024K)]
  0x000002105949aa20 JavaThread "Unconstrained build operations Thread 2"        [_thread_blocked, id=19252, stack(0x0000003be9d00000,0x0000003be9e00000) (1024K)]
  0x00000210594975a0 JavaThread "Unconstrained build operations Thread 3"        [_thread_blocked, id=22420, stack(0x0000003be9e00000,0x0000003be9f00000) (1024K)]
  0x00000210594982c0 JavaThread "Unconstrained build operations Thread 4"        [_thread_blocked, id=16272, stack(0x0000003be9f00000,0x0000003bea000000) (1024K)]
  0x0000021059497c30 JavaThread "Unconstrained build operations Thread 5"        [_thread_blocked, id=21320, stack(0x0000003bea000000,0x0000003bea100000) (1024K)]
  0x0000021059498950 JavaThread "Unconstrained build operations Thread 6"        [_thread_blocked, id=18264, stack(0x0000003bea100000,0x0000003bea200000) (1024K)]
  0x0000021059498fe0 JavaThread "Unconstrained build operations Thread 7"        [_thread_blocked, id=19712, stack(0x0000003bea200000,0x0000003bea300000) (1024K)]
  0x000002105a26e7c0 JavaThread "Unconstrained build operations Thread 8"        [_thread_blocked, id=14188, stack(0x0000003bea300000,0x0000003bea400000) (1024K)]
  0x000002105a26cd80 JavaThread "Unconstrained build operations Thread 9"        [_thread_blocked, id=14428, stack(0x0000003bea400000,0x0000003bea500000) (1024K)]
  0x000002105a26d410 JavaThread "Unconstrained build operations Thread 10"        [_thread_blocked, id=9880, stack(0x0000003bea500000,0x0000003bea600000) (1024K)]
  0x000002105a26c060 JavaThread "Unconstrained build operations Thread 11"        [_thread_blocked, id=14036, stack(0x0000003bea600000,0x0000003bea700000) (1024K)]
  0x000002105a26e130 JavaThread "Unconstrained build operations Thread 12"        [_thread_blocked, id=7012, stack(0x0000003bea700000,0x0000003bea800000) (1024K)]
  0x000002105a26fb70 JavaThread "jar transforms Thread 2"           [_thread_blocked, id=19944, stack(0x0000003bea800000,0x0000003bea900000) (1024K)]
  0x000002105a26ee50 JavaThread "jar transforms Thread 3"           [_thread_blocked, id=19300, stack(0x0000003bea900000,0x0000003beaa00000) (1024K)]
  0x000002105a26f4e0 JavaThread "jar transforms Thread 4"           [_thread_blocked, id=19900, stack(0x0000003beaa00000,0x0000003beab00000) (1024K)]
  0x000002105a26daa0 JavaThread "build event listener"              [_thread_blocked, id=6576, stack(0x0000003beab00000,0x0000003beac00000) (1024K)]
  0x000002105afadb30 JavaThread "Problems report writer"            [_thread_blocked, id=20580, stack(0x0000003beac00000,0x0000003bead00000) (1024K)]
  0x000002105afafc00 JavaThread "Unconstrained build operations Thread 13"        [_thread_blocked, id=8292, stack(0x0000003bead00000,0x0000003beae00000) (1024K)]
  0x000002105afb1640 JavaThread "Unconstrained build operations Thread 14"        [_thread_blocked, id=21724, stack(0x0000003beae00000,0x0000003beaf00000) (1024K)]
  0x000002105afae1c0 JavaThread "Unconstrained build operations Thread 15"        [_thread_blocked, id=21920, stack(0x0000003beaf00000,0x0000003beb000000) (1024K)]
  0x000002105afb0290 JavaThread "Unconstrained build operations Thread 16"        [_thread_blocked, id=8168, stack(0x0000003beb000000,0x0000003beb100000) (1024K)]
  0x000002105afb1cd0 JavaThread "Unconstrained build operations Thread 17"        [_thread_blocked, id=20252, stack(0x0000003beb100000,0x0000003beb200000) (1024K)]
  0x000002105afaeee0 JavaThread "Unconstrained build operations Thread 18"        [_thread_blocked, id=18292, stack(0x0000003beb200000,0x0000003beb300000) (1024K)]
  0x000002105afb29f0 JavaThread "Unconstrained build operations Thread 19"        [_thread_blocked, id=8684, stack(0x0000003beb300000,0x0000003beb400000) (1024K)]
  0x000002105afb2360 JavaThread "Unconstrained build operations Thread 20"        [_thread_blocked, id=9152, stack(0x0000003beb400000,0x0000003beb500000) (1024K)]
  0x000002105afaf570 JavaThread "Unconstrained build operations Thread 21"        [_thread_blocked, id=220, stack(0x0000003beb500000,0x0000003beb600000) (1024K)]
  0x000002105a2715b0 JavaThread "Unconstrained build operations Thread 22"        [_thread_blocked, id=11152, stack(0x0000003be6800000,0x0000003be6900000) (1024K)]
  0x000002105a271c40 JavaThread "Unconstrained build operations Thread 23"        [_thread_blocked, id=19960, stack(0x0000003beb600000,0x0000003beb700000) (1024K)]
  0x000002105b4f5420 JavaThread "Unconstrained build operations Thread 24"        [_thread_blocked, id=7560, stack(0x0000003beb700000,0x0000003beb800000) (1024K)]
  0x000002105b4f4d90 JavaThread "Unconstrained build operations Thread 25"        [_thread_blocked, id=7328, stack(0x0000003beb800000,0x0000003beb900000) (1024K)]
  0x000002105b4f39e0 JavaThread "Unconstrained build operations Thread 26"        [_thread_blocked, id=20576, stack(0x0000003beb900000,0x0000003beba00000) (1024K)]
  0x000002105b4f2630 JavaThread "Unconstrained build operations Thread 27"        [_thread_blocked, id=9736, stack(0x0000003beba00000,0x0000003bebb00000) (1024K)]
  0x000002105b4f2cc0 JavaThread "Unconstrained build operations Thread 28"        [_thread_blocked, id=21120, stack(0x0000003bebb00000,0x0000003bebc00000) (1024K)]
  0x000002105b4f4700 JavaThread "Unconstrained build operations Thread 29"        [_thread_blocked, id=18252, stack(0x0000003bebc00000,0x0000003bebd00000) (1024K)]
  0x000002105b4f5ab0 JavaThread "Unconstrained build operations Thread 30"        [_thread_blocked, id=16316, stack(0x0000003bebd00000,0x0000003bebe00000) (1024K)]
  0x000002105b4f7b80 JavaThread "Unconstrained build operations Thread 31"        [_thread_blocked, id=3424, stack(0x0000003bebe00000,0x0000003bebf00000) (1024K)]
  0x000002105b4f88a0 JavaThread "Unconstrained build operations Thread 32"        [_thread_blocked, id=20820, stack(0x0000003bebf00000,0x0000003bec000000) (1024K)]
  0x000002105b4f9c50 JavaThread "Unconstrained build operations Thread 33"        [_thread_blocked, id=2332, stack(0x0000003bec000000,0x0000003bec100000) (1024K)]
  0x000002105b4f8210 JavaThread "Unconstrained build operations Thread 34"        [_thread_blocked, id=2436, stack(0x0000003bec100000,0x0000003bec200000) (1024K)]
  0x000002105b4f8f30 JavaThread "Unconstrained build operations Thread 35"        [_thread_blocked, id=18932, stack(0x0000003bec200000,0x0000003bec300000) (1024K)]
  0x000002105b4f95c0 JavaThread "Unconstrained build operations Thread 36"        [_thread_blocked, id=15300, stack(0x0000003bec300000,0x0000003bec400000) (1024K)]
  0x00000210641defc0 JavaThread "Unconstrained build operations Thread 37"        [_thread_blocked, id=19724, stack(0x0000003bec400000,0x0000003bec500000) (1024K)]
  0x00000210641de2a0 JavaThread "Unconstrained build operations Thread 38"        [_thread_blocked, id=6780, stack(0x0000003bec500000,0x0000003bec600000) (1024K)]
  0x00000210641df650 JavaThread "Unconstrained build operations Thread 39"        [_thread_blocked, id=5636, stack(0x0000003bec600000,0x0000003bec700000) (1024K)]
  0x00000210641e1090 JavaThread "Unconstrained build operations Thread 40"        [_thread_blocked, id=12272, stack(0x0000003be6700000,0x0000003be6800000) (1024K)]
Total: 85

Other Threads:
=>0x0000021052828960 VMThread "VM Thread"                           [id=11924, stack(0x0000003be7000000,0x0000003be7100000) (1024K)]
  0x000002105243f1a0 WatcherThread "VM Periodic Task Thread"        [id=13364, stack(0x0000003be6f00000,0x0000003be7000000) (1024K)]
  0x00000210390ec770 WorkerThread "GC Thread#0"                     [id=15880, stack(0x0000003be6a00000,0x0000003be6b00000) (1024K)]
  0x0000021052bbaf50 WorkerThread "GC Thread#1"                     [id=15564, stack(0x0000003be7b00000,0x0000003be7c00000) (1024K)]
  0x0000021052bbb2f0 WorkerThread "GC Thread#2"                     [id=20200, stack(0x0000003be7c00000,0x0000003be7d00000) (1024K)]
  0x0000021057303eb0 WorkerThread "GC Thread#3"                     [id=20424, stack(0x0000003be7d00000,0x0000003be7e00000) (1024K)]
  0x0000021036e9df70 ConcurrentGCThread "G1 Main Marker"            [id=14012, stack(0x0000003be6b00000,0x0000003be6c00000) (1024K)]
  0x0000021036e9e980 WorkerThread "G1 Conc#0"                       [id=16264, stack(0x0000003be6c00000,0x0000003be6d00000) (1024K)]
  0x0000021039131800 ConcurrentGCThread "G1 Refine#0"               [id=15724, stack(0x0000003be6d00000,0x0000003be6e00000) (1024K)]
  0x000002103913c760 ConcurrentGCThread "G1 Service"                [id=16916, stack(0x0000003be6e00000,0x0000003be6f00000) (1024K)]
Total: 10

Threads with active compile tasks:
Total: 0

VM state: at safepoint (normal execution)

VM Mutex/Monitor currently owned by a thread:  ([mutex/lock_event])
[0x00007ffbc35e72f8] Threads_lock - owner thread: 0x0000021052828960
[0x00007ffbc35e73f8] Heap_lock - owner thread: 0x000002105880fee0

Heap address: 0x0000000700000000, size: 4096 MB, Compressed Oops mode: Zero based, Oop shift amount: 3

CDS archive(s) not mapped
Compressed class space mapped at: 0x0000000800000000-0x0000000840000000, reserved size: 1073741824
Narrow klass base: 0x0000000800000000, Narrow klass shift: 0, Narrow klass range: 0x40000000

GC Precious Log:
 CardTable entry size: 512
 Card Set container configuration: InlinePtr #cards 4 size 8 Array Of Cards #cards 16 size 48 Howl #buckets 8 coarsen threshold 3686 Howl Bitmap #cards 512 size 80 coarsen threshold 460 Card regions per heap region 1 cards per card region 4096
 CPUs: 4 total, 4 available
 Memory: 6094M
 Large Page Support: Disabled
 NUMA Support: Disabled
 Compressed Oops: Enabled (Zero based)
 Heap Region Size: 2M
 Heap Min Capacity: 8M
 Heap Initial Capacity: 96M
 Heap Max Capacity: 4G
 Pre-touch: Disabled
 Parallel Workers: 4
 Concurrent Workers: 1
 Concurrent Refinement Workers: 4
 Periodic GC: Disabled

Heap:
 garbage-first heap   total 301056K, used 188366K [0x0000000700000000, 0x0000000800000000)
  region size 2048K, 5 young (10240K), 5 survivors (10240K)
 Metaspace       used 118068K, committed 120576K, reserved 1179648K
  class space    used 16039K, committed 17280K, reserved 1048576K

Heap Regions: E=young(eden), S=young(survivor), O=old, HS=humongous(starts), HC=humongous(continues), CS=collection set, F=free, TAMS=top-at-mark-start, PB=parsable bottom
|   0|0x0000000700000000, 0x0000000700200000, 0x0000000700200000|100%|HS|  |TAMS 0x0000000700200000| PB 0x0000000700000000| Complete 
|   1|0x0000000700200000, 0x0000000700400000, 0x0000000700400000|100%|HC|  |TAMS 0x0000000700400000| PB 0x0000000700200000| Complete 
|   2|0x0000000700400000, 0x0000000700600000, 0x0000000700600000|100%| O|  |TAMS 0x0000000700600000| PB 0x0000000700400000| Untracked 
|   3|0x0000000700600000, 0x0000000700800000, 0x0000000700800000|100%| O|  |TAMS 0x0000000700800000| PB 0x0000000700600000| Untracked 
|   4|0x0000000700800000, 0x0000000700a00000, 0x0000000700a00000|100%| O|  |TAMS 0x0000000700a00000| PB 0x0000000700800000| Untracked 
|   5|0x0000000700a00000, 0x0000000700c00000, 0x0000000700c00000|100%| O|  |TAMS 0x0000000700c00000| PB 0x0000000700a00000| Untracked 
|   6|0x0000000700c00000, 0x0000000700e00000, 0x0000000700e00000|100%| O|  |TAMS 0x0000000700e00000| PB 0x0000000700c00000| Untracked 
|   7|0x0000000700e00000, 0x0000000701000000, 0x0000000701000000|100%| O|  |TAMS 0x0000000701000000| PB 0x0000000700e00000| Untracked 
|   8|0x0000000701000000, 0x0000000701200000, 0x0000000701200000|100%| O|  |TAMS 0x0000000701200000| PB 0x0000000701000000| Untracked 
|   9|0x0000000701200000, 0x0000000701400000, 0x0000000701400000|100%|HS|  |TAMS 0x0000000701400000| PB 0x0000000701200000| Complete 
|  10|0x0000000701400000, 0x0000000701600000, 0x0000000701600000|100%| O|  |TAMS 0x0000000701600000| PB 0x0000000701400000| Untracked 
|  11|0x0000000701600000, 0x0000000701800000, 0x0000000701800000|100%| O|  |TAMS 0x0000000701800000| PB 0x0000000701600000| Untracked 
|  12|0x0000000701800000, 0x0000000701a00000, 0x0000000701a00000|100%| O|  |TAMS 0x0000000701a00000| PB 0x0000000701800000| Untracked 
|  13|0x0000000701a00000, 0x0000000701c00000, 0x0000000701c00000|100%| O|  |TAMS 0x0000000701c00000| PB 0x0000000701a00000| Untracked 
|  14|0x0000000701c00000, 0x0000000701e00000, 0x0000000701e00000|100%| O|  |TAMS 0x0000000701e00000| PB 0x0000000701c00000| Untracked 
|  15|0x0000000701e00000, 0x0000000702000000, 0x0000000702000000|100%| O|  |TAMS 0x0000000702000000| PB 0x0000000701e00000| Untracked 
|  16|0x0000000702000000, 0x0000000702200000, 0x0000000702200000|100%| O|  |TAMS 0x0000000702200000| PB 0x0000000702000000| Untracked 
|  17|0x0000000702200000, 0x0000000702400000, 0x0000000702400000|100%| O|  |TAMS 0x0000000702400000| PB 0x0000000702200000| Untracked 
|  18|0x0000000702400000, 0x0000000702600000, 0x0000000702600000|100%| O|  |TAMS 0x0000000702600000| PB 0x0000000702400000| Untracked 
|  19|0x0000000702600000, 0x0000000702800000, 0x0000000702800000|100%| O|  |TAMS 0x0000000702800000| PB 0x0000000702600000| Untracked 
|  20|0x0000000702800000, 0x0000000702a00000, 0x0000000702a00000|100%| O|  |TAMS 0x0000000702a00000| PB 0x0000000702800000| Untracked 
|  21|0x0000000702a00000, 0x0000000702c00000, 0x0000000702c00000|100%| O|  |TAMS 0x0000000702c00000| PB 0x0000000702a00000| Untracked 
|  22|0x0000000702c00000, 0x0000000702e00000, 0x0000000702e00000|100%| O|  |TAMS 0x0000000702e00000| PB 0x0000000702c00000| Untracked 
|  23|0x0000000702e00000, 0x0000000703000000, 0x0000000703000000|100%| O|  |TAMS 0x0000000703000000| PB 0x0000000702e00000| Untracked 
|  24|0x0000000703000000, 0x0000000703200000, 0x0000000703200000|100%| O|  |TAMS 0x0000000703200000| PB 0x0000000703000000| Untracked 
|  25|0x0000000703200000, 0x0000000703400000, 0x0000000703400000|100%| O|  |TAMS 0x0000000703400000| PB 0x0000000703200000| Untracked 
|  26|0x0000000703400000, 0x0000000703600000, 0x0000000703600000|100%| O|  |TAMS 0x0000000703600000| PB 0x0000000703400000| Untracked 
|  27|0x0000000703600000, 0x0000000703800000, 0x0000000703800000|100%| O|  |TAMS 0x0000000703800000| PB 0x0000000703600000| Untracked 
|  28|0x0000000703800000, 0x0000000703a00000, 0x0000000703a00000|100%|HS|  |TAMS 0x0000000703a00000| PB 0x0000000703800000| Complete 
|  29|0x0000000703a00000, 0x0000000703c00000, 0x0000000703c00000|100%| O|  |TAMS 0x0000000703c00000| PB 0x0000000703a00000| Untracked 
|  30|0x0000000703c00000, 0x0000000703e00000, 0x0000000703e00000|100%| O|  |TAMS 0x0000000703e00000| PB 0x0000000703c00000| Untracked 
|  31|0x0000000703e00000, 0x0000000704000000, 0x0000000704000000|100%| O|  |TAMS 0x0000000704000000| PB 0x0000000703e00000| Untracked 
|  32|0x0000000704000000, 0x0000000704200000, 0x0000000704200000|100%| O|  |TAMS 0x0000000704200000| PB 0x0000000704000000| Untracked 
|  33|0x0000000704200000, 0x0000000704400000, 0x0000000704400000|100%| O|  |TAMS 0x0000000704400000| PB 0x0000000704200000| Untracked 
|  34|0x0000000704400000, 0x0000000704600000, 0x0000000704600000|100%| O|  |TAMS 0x0000000704600000| PB 0x0000000704400000| Untracked 
|  35|0x0000000704600000, 0x0000000704800000, 0x0000000704800000|100%| O|  |TAMS 0x0000000704800000| PB 0x0000000704600000| Untracked 
|  36|0x0000000704800000, 0x0000000704a00000, 0x0000000704a00000|100%| O|  |TAMS 0x0000000704a00000| PB 0x0000000704800000| Untracked 
|  37|0x0000000704a00000, 0x0000000704c00000, 0x0000000704c00000|100%| O|  |TAMS 0x0000000704c00000| PB 0x0000000704a00000| Untracked 
|  38|0x0000000704c00000, 0x0000000704e00000, 0x0000000704e00000|100%| O|  |TAMS 0x0000000704e00000| PB 0x0000000704c00000| Untracked 
|  39|0x0000000704e00000, 0x0000000705000000, 0x0000000705000000|100%| O|  |TAMS 0x0000000705000000| PB 0x0000000704e00000| Untracked 
|  40|0x0000000705000000, 0x0000000705200000, 0x0000000705200000|100%| O|  |TAMS 0x0000000705200000| PB 0x0000000705000000| Untracked 
|  41|0x0000000705200000, 0x0000000705400000, 0x0000000705400000|100%| O|  |TAMS 0x0000000705400000| PB 0x0000000705200000| Untracked 
|  42|0x0000000705400000, 0x0000000705600000, 0x0000000705600000|100%| O|  |TAMS 0x0000000705600000| PB 0x0000000705400000| Untracked 
|  43|0x0000000705600000, 0x0000000705800000, 0x0000000705800000|100%| O|  |TAMS 0x0000000705800000| PB 0x0000000705600000| Untracked 
|  44|0x0000000705800000, 0x0000000705a00000, 0x0000000705a00000|100%| O|  |TAMS 0x0000000705a00000| PB 0x0000000705800000| Untracked 
|  45|0x0000000705a00000, 0x0000000705c00000, 0x0000000705c00000|100%| O|  |TAMS 0x0000000705c00000| PB 0x0000000705a00000| Untracked 
|  46|0x0000000705c00000, 0x0000000705e00000, 0x0000000705e00000|100%| O|  |TAMS 0x0000000705e00000| PB 0x0000000705c00000| Untracked 
|  47|0x0000000705e00000, 0x0000000706000000, 0x0000000706000000|100%| O|  |TAMS 0x0000000706000000| PB 0x0000000705e00000| Untracked 
|  48|0x0000000706000000, 0x0000000706200000, 0x0000000706200000|100%|HS|  |TAMS 0x0000000706200000| PB 0x0000000706000000| Complete 
|  49|0x0000000706200000, 0x0000000706400000, 0x0000000706400000|100%|HC|  |TAMS 0x0000000706400000| PB 0x0000000706200000| Complete 
|  50|0x0000000706400000, 0x0000000706600000, 0x0000000706600000|100%|HS|  |TAMS 0x0000000706600000| PB 0x0000000706400000| Complete 
|  51|0x0000000706600000, 0x0000000706800000, 0x0000000706800000|100%| O|  |TAMS 0x0000000706800000| PB 0x0000000706600000| Untracked 
|  52|0x0000000706800000, 0x0000000706a00000, 0x0000000706a00000|100%| O|  |TAMS 0x0000000706a00000| PB 0x0000000706800000| Untracked 
|  53|0x0000000706a00000, 0x0000000706c00000, 0x0000000706c00000|100%| O|  |TAMS 0x0000000706c00000| PB 0x0000000706a00000| Untracked 
|  54|0x0000000706c00000, 0x0000000706e00000, 0x0000000706e00000|100%| O|  |TAMS 0x0000000706e00000| PB 0x0000000706c00000| Untracked 
|  55|0x0000000706e00000, 0x0000000707000000, 0x0000000707000000|100%| O|  |TAMS 0x0000000707000000| PB 0x0000000706e00000| Untracked 
|  56|0x0000000707000000, 0x0000000707200000, 0x0000000707200000|100%| O|  |TAMS 0x0000000707200000| PB 0x0000000707000000| Untracked 
|  57|0x0000000707200000, 0x0000000707400000, 0x0000000707400000|100%| O|  |TAMS 0x0000000707400000| PB 0x0000000707200000| Untracked 
|  58|0x0000000707400000, 0x0000000707400000, 0x0000000707600000|  0%| F|  |TAMS 0x0000000707400000| PB 0x0000000707400000| Untracked 
|  59|0x0000000707600000, 0x0000000707800000, 0x0000000707800000|100%| O|  |TAMS 0x0000000707800000| PB 0x0000000707600000| Untracked 
|  60|0x0000000707800000, 0x0000000707a00000, 0x0000000707a00000|100%| O|  |TAMS 0x0000000707a00000| PB 0x0000000707800000| Untracked 
|  61|0x0000000707a00000, 0x0000000707c00000, 0x0000000707c00000|100%| O|  |TAMS 0x0000000707c00000| PB 0x0000000707a00000| Untracked 
|  62|0x0000000707c00000, 0x0000000707e00000, 0x0000000707e00000|100%| O|  |TAMS 0x0000000707e00000| PB 0x0000000707c00000| Untracked 
|  63|0x0000000707e00000, 0x0000000708000000, 0x0000000708000000|100%| O|  |TAMS 0x0000000708000000| PB 0x0000000707e00000| Untracked 
|  64|0x0000000708000000, 0x0000000708200000, 0x0000000708200000|100%| O|  |TAMS 0x0000000708200000| PB 0x0000000708000000| Untracked 
|  65|0x0000000708200000, 0x0000000708200000, 0x0000000708400000|  0%| F|  |TAMS 0x0000000708200000| PB 0x0000000708200000| Untracked 
|  66|0x0000000708400000, 0x0000000708600000, 0x0000000708600000|100%| O|  |TAMS 0x0000000708600000| PB 0x0000000708400000| Untracked 
|  67|0x0000000708600000, 0x0000000708800000, 0x0000000708800000|100%| O|  |TAMS 0x0000000708800000| PB 0x0000000708600000| Untracked 
|  68|0x0000000708800000, 0x0000000708a00000, 0x0000000708a00000|100%| O|  |TAMS 0x0000000708a00000| PB 0x0000000708800000| Untracked 
|  69|0x0000000708a00000, 0x0000000708c00000, 0x0000000708c00000|100%| O|  |TAMS 0x0000000708c00000| PB 0x0000000708a00000| Untracked 
|  70|0x0000000708c00000, 0x0000000708e00000, 0x0000000708e00000|100%| O|  |TAMS 0x0000000708e00000| PB 0x0000000708c00000| Untracked 
|  71|0x0000000708e00000, 0x0000000709000000, 0x0000000709000000|100%| O|  |TAMS 0x0000000709000000| PB 0x0000000708e00000| Untracked 
|  72|0x0000000709000000, 0x0000000709200000, 0x0000000709200000|100%| O|  |TAMS 0x0000000709200000| PB 0x0000000709000000| Untracked 
|  73|0x0000000709200000, 0x0000000709400000, 0x0000000709400000|100%| O|  |TAMS 0x0000000709400000| PB 0x0000000709200000| Untracked 
|  74|0x0000000709400000, 0x0000000709600000, 0x0000000709600000|100%| O|  |TAMS 0x0000000709600000| PB 0x0000000709400000| Untracked 
|  75|0x0000000709600000, 0x0000000709800000, 0x0000000709800000|100%| O|  |TAMS 0x0000000709800000| PB 0x0000000709600000| Untracked 
|  76|0x0000000709800000, 0x0000000709a00000, 0x0000000709a00000|100%| O|  |TAMS 0x0000000709a00000| PB 0x0000000709800000| Untracked 
|  77|0x0000000709a00000, 0x0000000709c00000, 0x0000000709c00000|100%| O|  |TAMS 0x0000000709c00000| PB 0x0000000709a00000| Untracked 
|  78|0x0000000709c00000, 0x0000000709e00000, 0x0000000709e00000|100%| O|  |TAMS 0x0000000709e00000| PB 0x0000000709c00000| Untracked 
|  79|0x0000000709e00000, 0x000000070a000000, 0x000000070a000000|100%| O|  |TAMS 0x000000070a000000| PB 0x0000000709e00000| Untracked 
|  80|0x000000070a000000, 0x000000070a200000, 0x000000070a200000|100%| O|  |TAMS 0x000000070a200000| PB 0x000000070a000000| Untracked 
|  81|0x000000070a200000, 0x000000070a400000, 0x000000070a400000|100%| O|  |TAMS 0x000000070a400000| PB 0x000000070a200000| Untracked 
|  82|0x000000070a400000, 0x000000070a600000, 0x000000070a600000|100%| O|  |TAMS 0x000000070a600000| PB 0x000000070a400000| Untracked 
|  83|0x000000070a600000, 0x000000070a800000, 0x000000070a800000|100%| O|  |TAMS 0x000000070a800000| PB 0x000000070a600000| Untracked 
|  84|0x000000070a800000, 0x000000070aa00000, 0x000000070aa00000|100%| O|  |TAMS 0x000000070aa00000| PB 0x000000070a800000| Untracked 
|  85|0x000000070aa00000, 0x000000070ac00000, 0x000000070ac00000|100%| O|  |TAMS 0x000000070ac00000| PB 0x000000070aa00000| Untracked 
|  86|0x000000070ac00000, 0x000000070ae00000, 0x000000070ae00000|100%| O|  |TAMS 0x000000070ae00000| PB 0x000000070ac00000| Untracked 
|  87|0x000000070ae00000, 0x000000070b000000, 0x000000070b000000|100%| O|  |TAMS 0x000000070b000000| PB 0x000000070ae00000| Untracked 
|  88|0x000000070b000000, 0x000000070b042ce8, 0x000000070b200000| 13%| O|  |TAMS 0x000000070b042ce8| PB 0x000000070b000000| Untracked 
|  89|0x000000070b200000, 0x000000070b200000, 0x000000070b400000|  0%| F|  |TAMS 0x000000070b200000| PB 0x000000070b200000| Untracked 
|  90|0x000000070b400000, 0x000000070b400000, 0x000000070b600000|  0%| F|  |TAMS 0x000000070b400000| PB 0x000000070b400000| Untracked 
|  91|0x000000070b600000, 0x000000070b600000, 0x000000070b800000|  0%| F|  |TAMS 0x000000070b600000| PB 0x000000070b600000| Untracked 
|  92|0x000000070b800000, 0x000000070b800000, 0x000000070ba00000|  0%| F|  |TAMS 0x000000070b800000| PB 0x000000070b800000| Untracked 
|  93|0x000000070ba00000, 0x000000070ba00000, 0x000000070bc00000|  0%| F|  |TAMS 0x000000070ba00000| PB 0x000000070ba00000| Untracked 
|  94|0x000000070bc00000, 0x000000070bc00000, 0x000000070be00000|  0%| F|  |TAMS 0x000000070bc00000| PB 0x000000070bc00000| Untracked 
|  95|0x000000070be00000, 0x000000070bfb0bd0, 0x000000070c000000| 84%| S|CS|TAMS 0x000000070be00000| PB 0x000000070be00000| Complete 
|  96|0x000000070c000000, 0x000000070c200000, 0x000000070c200000|100%| S|CS|TAMS 0x000000070c000000| PB 0x000000070c000000| Complete 
|  97|0x000000070c200000, 0x000000070c400000, 0x000000070c400000|100%| S|CS|TAMS 0x000000070c200000| PB 0x000000070c200000| Complete 
|  98|0x000000070c400000, 0x000000070c600000, 0x000000070c600000|100%| S|CS|TAMS 0x000000070c400000| PB 0x000000070c400000| Complete 
|  99|0x000000070c600000, 0x000000070c800000, 0x000000070c800000|100%| S|CS|TAMS 0x000000070c600000| PB 0x000000070c600000| Complete 
| 100|0x000000070c800000, 0x000000070c800000, 0x000000070ca00000|  0%| F|  |TAMS 0x000000070c800000| PB 0x000000070c800000| Untracked 
| 101|0x000000070ca00000, 0x000000070ca00000, 0x000000070cc00000|  0%| F|  |TAMS 0x000000070ca00000| PB 0x000000070ca00000| Untracked 
| 102|0x000000070cc00000, 0x000000070cc00000, 0x000000070ce00000|  0%| F|  |TAMS 0x000000070cc00000| PB 0x000000070cc00000| Untracked 
| 103|0x000000070ce00000, 0x000000070ce00000, 0x000000070d000000|  0%| F|  |TAMS 0x000000070ce00000| PB 0x000000070ce00000| Untracked 
| 104|0x000000070d000000, 0x000000070d000000, 0x000000070d200000|  0%| F|  |TAMS 0x000000070d000000| PB 0x000000070d000000| Untracked 
| 105|0x000000070d200000, 0x000000070d200000, 0x000000070d400000|  0%| F|  |TAMS 0x000000070d200000| PB 0x000000070d200000| Untracked 
| 106|0x000000070d400000, 0x000000070d400000, 0x000000070d600000|  0%| F|  |TAMS 0x000000070d400000| PB 0x000000070d400000| Untracked 
| 107|0x000000070d600000, 0x000000070d600000, 0x000000070d800000|  0%| F|  |TAMS 0x000000070d600000| PB 0x000000070d600000| Untracked 
| 108|0x000000070d800000, 0x000000070d800000, 0x000000070da00000|  0%| F|  |TAMS 0x000000070d800000| PB 0x000000070d800000| Untracked 
| 109|0x000000070da00000, 0x000000070da00000, 0x000000070dc00000|  0%| F|  |TAMS 0x000000070da00000| PB 0x000000070da00000| Untracked 
| 110|0x000000070dc00000, 0x000000070dc00000, 0x000000070de00000|  0%| F|  |TAMS 0x000000070dc00000| PB 0x000000070dc00000| Untracked 
| 111|0x000000070de00000, 0x000000070de00000, 0x000000070e000000|  0%| F|  |TAMS 0x000000070de00000| PB 0x000000070de00000| Untracked 
| 112|0x000000070e000000, 0x000000070e000000, 0x000000070e200000|  0%| F|  |TAMS 0x000000070e000000| PB 0x000000070e000000| Untracked 
| 113|0x000000070e200000, 0x000000070e200000, 0x000000070e400000|  0%| F|  |TAMS 0x000000070e200000| PB 0x000000070e200000| Untracked 
| 114|0x000000070e400000, 0x000000070e400000, 0x000000070e600000|  0%| F|  |TAMS 0x000000070e400000| PB 0x000000070e400000| Untracked 
| 115|0x000000070e600000, 0x000000070e600000, 0x000000070e800000|  0%| F|  |TAMS 0x000000070e600000| PB 0x000000070e600000| Untracked 
| 116|0x000000070e800000, 0x000000070e800000, 0x000000070ea00000|  0%| F|  |TAMS 0x000000070e800000| PB 0x000000070e800000| Untracked 
| 117|0x000000070ea00000, 0x000000070ea00000, 0x000000070ec00000|  0%| F|  |TAMS 0x000000070ea00000| PB 0x000000070ea00000| Untracked 
| 118|0x000000070ec00000, 0x000000070ec00000, 0x000000070ee00000|  0%| F|  |TAMS 0x000000070ec00000| PB 0x000000070ec00000| Untracked 
| 119|0x000000070ee00000, 0x000000070ee00000, 0x000000070f000000|  0%| F|  |TAMS 0x000000070ee00000| PB 0x000000070ee00000| Untracked 
| 120|0x000000070f000000, 0x000000070f000000, 0x000000070f200000|  0%| F|  |TAMS 0x000000070f000000| PB 0x000000070f000000| Untracked 
| 121|0x000000070f200000, 0x000000070f200000, 0x000000070f400000|  0%| F|  |TAMS 0x000000070f200000| PB 0x000000070f200000| Untracked 
| 122|0x000000070f400000, 0x000000070f400000, 0x000000070f600000|  0%| F|  |TAMS 0x000000070f400000| PB 0x000000070f400000| Untracked 
| 123|0x000000070f600000, 0x000000070f600000, 0x000000070f800000|  0%| F|  |TAMS 0x000000070f600000| PB 0x000000070f600000| Untracked 
| 124|0x000000070f800000, 0x000000070f800000, 0x000000070fa00000|  0%| F|  |TAMS 0x000000070f800000| PB 0x000000070f800000| Untracked 
| 125|0x000000070fa00000, 0x000000070fa00000, 0x000000070fc00000|  0%| F|  |TAMS 0x000000070fa00000| PB 0x000000070fa00000| Untracked 
| 126|0x000000070fc00000, 0x000000070fc00000, 0x000000070fe00000|  0%| F|  |TAMS 0x000000070fc00000| PB 0x000000070fc00000| Untracked 
| 127|0x000000070fe00000, 0x000000070fe00000, 0x0000000710000000|  0%| F|  |TAMS 0x000000070fe00000| PB 0x000000070fe00000| Untracked 
| 128|0x0000000710000000, 0x0000000710000000, 0x0000000710200000|  0%| F|  |TAMS 0x0000000710000000| PB 0x0000000710000000| Untracked 
| 129|0x0000000710200000, 0x0000000710200000, 0x0000000710400000|  0%| F|  |TAMS 0x0000000710200000| PB 0x0000000710200000| Untracked 
| 130|0x0000000710400000, 0x0000000710400000, 0x0000000710600000|  0%| F|  |TAMS 0x0000000710400000| PB 0x0000000710400000| Untracked 
| 131|0x0000000710600000, 0x0000000710600000, 0x0000000710800000|  0%| F|  |TAMS 0x0000000710600000| PB 0x0000000710600000| Untracked 
| 132|0x0000000710800000, 0x0000000710800000, 0x0000000710a00000|  0%| F|  |TAMS 0x0000000710800000| PB 0x0000000710800000| Untracked 
| 133|0x0000000710a00000, 0x0000000710a00000, 0x0000000710c00000|  0%| F|  |TAMS 0x0000000710a00000| PB 0x0000000710a00000| Untracked 
| 134|0x0000000710c00000, 0x0000000710c00000, 0x0000000710e00000|  0%| F|  |TAMS 0x0000000710c00000| PB 0x0000000710c00000| Untracked 
| 135|0x0000000710e00000, 0x0000000710e00000, 0x0000000711000000|  0%| F|  |TAMS 0x0000000710e00000| PB 0x0000000710e00000| Untracked 
| 136|0x0000000711000000, 0x0000000711000000, 0x0000000711200000|  0%| F|  |TAMS 0x0000000711000000| PB 0x0000000711000000| Untracked 
| 137|0x0000000711200000, 0x0000000711200000, 0x0000000711400000|  0%| F|  |TAMS 0x0000000711200000| PB 0x0000000711200000| Untracked 
| 138|0x0000000711400000, 0x0000000711400000, 0x0000000711600000|  0%| F|  |TAMS 0x0000000711400000| PB 0x0000000711400000| Untracked 
| 139|0x0000000711600000, 0x0000000711600000, 0x0000000711800000|  0%| F|  |TAMS 0x0000000711600000| PB 0x0000000711600000| Untracked 
| 140|0x0000000711800000, 0x0000000711800000, 0x0000000711a00000|  0%| F|  |TAMS 0x0000000711800000| PB 0x0000000711800000| Untracked 
| 141|0x0000000711a00000, 0x0000000711a00000, 0x0000000711c00000|  0%| F|  |TAMS 0x0000000711a00000| PB 0x0000000711a00000| Untracked 
| 142|0x0000000711c00000, 0x0000000711c00000, 0x0000000711e00000|  0%| F|  |TAMS 0x0000000711c00000| PB 0x0000000711c00000| Untracked 
| 143|0x0000000711e00000, 0x0000000711e00000, 0x0000000712000000|  0%| F|  |TAMS 0x0000000711e00000| PB 0x0000000711e00000| Untracked 
|2045|0x00000007ffa00000, 0x00000007ffa00000, 0x00000007ffc00000|  0%| F|  |TAMS 0x00000007ffa00000| PB 0x00000007ffa00000| Untracked 
|2046|0x00000007ffc00000, 0x00000007ffe00000, 0x00000007ffe00000|100%| O|  |TAMS 0x00000007ffe00000| PB 0x00000007ffc00000| Untracked 
|2047|0x00000007ffe00000, 0x00000007ffe00000, 0x0000000800000000|  0%| F|  |TAMS 0x00000007ffe00000| PB 0x00000007ffe00000| Untracked 

Card table byte_map: [0x000002104b9c0000,0x000002104c1c0000] _byte_map_base: 0x00000210481c0000

Marking Bits: (CMBitMap*) 0x00000210390ecd80
 Bits: [0x000002104c1c0000, 0x00000210501c0000)

Polling page: 0x0000021036fb0000

Metaspace:

Usage:
  Non-class:     99.64 MB used.
      Class:     15.66 MB used.
       Both:    115.30 MB used.

Virtual space:
  Non-class space:      128.00 MB reserved,     100.88 MB ( 79%) committed,  2 nodes.
      Class space:        1.00 GB reserved,      16.88 MB (  2%) committed,  1 nodes.
             Both:        1.12 GB reserved,     117.75 MB ( 10%) committed. 

Chunk freelists:
   Non-Class:  10.57 MB
       Class:  15.18 MB
        Both:  25.75 MB

MaxMetaspaceSize: 2.00 GB
CompressedClassSpaceSize: 1.00 GB
Initial GC threshold: 21.00 MB
Current GC threshold: 195.00 MB
CDS: off
 - commit_granule_bytes: 65536.
 - commit_granule_words: 8192.
 - virtual_space_node_default_size: 8388608.
 - enlarge_chunks_in_place: 1.
 - use_allocation_guard: 0.


Internal statistics:

num_allocs_failed_limit: 6.
num_arena_births: 4404.
num_arena_deaths: 0.
num_vsnodes_births: 3.
num_vsnodes_deaths: 0.
num_space_committed: 1884.
num_space_uncommitted: 0.
num_chunks_returned_to_freelist: 6.
num_chunks_taken_from_freelist: 9599.
num_chunk_merges: 6.
num_chunk_splits: 6255.
num_chunks_enlarged: 3938.
num_inconsistent_stats: 0.

CodeHeap 'non-profiled nmethods': size=120000Kb used=9318Kb max_used=9318Kb free=110681Kb
 bounds [0x0000021043c90000, 0x00000210445b0000, 0x000002104b1c0000]
CodeHeap 'profiled nmethods': size=120000Kb used=23763Kb max_used=23763Kb free=96236Kb
 bounds [0x000002103c1c0000, 0x000002103d900000, 0x00000210436f0000]
CodeHeap 'non-nmethods': size=5760Kb used=2907Kb max_used=2977Kb free=2852Kb
 bounds [0x00000210436f0000, 0x00000210439f0000, 0x0000021043c90000]
 total_blobs=13469 nmethods=12457 adapters=915
 compilation: enabled
              stopped_count=0, restarted_count=0
 full_count=0

Compilation events (20 events):
Event: 81.637 Thread 0x000002105288f440 14848       4       com.google.common.cache.AbstractCache$SimpleStatsCounter::recordMisses (12 bytes)
Event: 81.641 Thread 0x000002105288f440 nmethod 14848 0x00000210445a2710 code [0x00000210445a28c0, 0x00000210445a2ae8]
Event: 81.642 Thread 0x000002105288f440 14849       4       sun.nio.cs.UTF_8::newDecoder (9 bytes)
Event: 81.646 Thread 0x000002105288f440 nmethod 14849 0x00000210445a2d10 code [0x00000210445a2ea0, 0x00000210445a3098]
Event: 81.646 Thread 0x000002105288f440 14850       4       sun.nio.fs.WindowsPath::resolve (393 bytes)
Event: 81.663 Thread 0x000002105288f440 nmethod 14850 0x00000210445a3190 code [0x00000210445a33a0, 0x00000210445a3ba8]
Event: 81.663 Thread 0x000002105288f440 14851   !   4       org.gradle.cache.internal.ExclusiveCacheAccessingWorker::read (44 bytes)
Event: 81.693 Thread 0x000002105288f440 nmethod 14851 0x00000210445a4090 code [0x00000210445a42e0, 0x00000210445a4e48]
Event: 81.693 Thread 0x000002105288f440 14852       4       org.gradle.cache.internal.AsyncCacheAccessDecoratedCache::get (17 bytes)
Event: 81.696 Thread 0x000002105288f440 nmethod 14852 0x00000210445a5510 code [0x00000210445a56a0, 0x00000210445a5818]
Event: 81.739 Thread 0x000002105288f440 14853       4       org.gradle.api.internal.changedetection.state.CachingFileHasher::snapshot (122 bytes)
Event: 81.748 Thread 0x000002105288f440 nmethod 14853 0x00000210445a5a10 code [0x00000210445a5c40, 0x00000210445a61f8]
Event: 81.750 Thread 0x000002105288f440 14854       4       com.esotericsoftware.kryo.io.Input::readVarLong (329 bytes)
Event: 81.758 Thread 0x000002105288f440 nmethod 14854 0x00000210445a6810 code [0x00000210445a69c0, 0x00000210445a6f18]
Event: 81.775 Thread 0x000002105288f440 14855   !   4       java.nio.channels.spi.AbstractInterruptibleChannel::close (37 bytes)
Event: 81.799 Thread 0x000002105288f440 nmethod 14855 0x00000210445a7210 code [0x00000210445a74c0, 0x00000210445a8558]
Event: 81.800 Thread 0x000002105288f440 14856       4       java.util.stream.StreamSupport::intStream (14 bytes)
Event: 81.804 Thread 0x000002105288f440 nmethod 14856 0x00000210445a8d90 code [0x00000210445a8f20, 0x00000210445a9268]
Event: 81.812 Thread 0x000002105288f440 14857       4       java.util.stream.IntStream::range (24 bytes)
Event: 81.815 Thread 0x000002105288f440 nmethod 14857 0x00000210445a9410 code [0x00000210445a95a0, 0x00000210445a9750]

GC Heap History (20 events):
Event: 65.813 GC heap after
{Heap after GC invocations=58 (full 0):
 garbage-first heap   total 204800K, used 130085K [0x0000000700000000, 0x0000000800000000)
  region size 2048K, 5 young (10240K), 5 survivors (10240K)
 Metaspace       used 113517K, committed 115840K, reserved 1179648K
  class space    used 15380K, committed 16576K, reserved 1048576K
}
Event: 67.249 GC heap before
{Heap before GC invocations=59 (full 0):
 garbage-first heap   total 219136K, used 181285K [0x0000000700000000, 0x0000000800000000)
  region size 2048K, 30 young (61440K), 5 survivors (10240K)
 Metaspace       used 115037K, committed 117440K, reserved 1179648K
  class space    used 15627K, committed 16832K, reserved 1048576K
}
Event: 67.270 GC heap after
{Heap after GC invocations=60 (full 0):
 garbage-first heap   total 219136K, used 135990K [0x0000000700000000, 0x0000000800000000)
  region size 2048K, 3 young (6144K), 3 survivors (6144K)
 Metaspace       used 115037K, committed 117440K, reserved 1179648K
  class space    used 15627K, committed 16832K, reserved 1048576K
}
Event: 68.076 GC heap before
{Heap before GC invocations=60 (full 0):
 garbage-first heap   total 219136K, used 197430K [0x0000000700000000, 0x0000000800000000)
  region size 2048K, 34 young (69632K), 3 survivors (6144K)
 Metaspace       used 115038K, committed 117440K, reserved 1179648K
  class space    used 15627K, committed 16832K, reserved 1048576K
}
Event: 68.142 GC heap after
{Heap after GC invocations=61 (full 0):
 garbage-first heap   total 219136K, used 138348K [0x0000000700000000, 0x0000000800000000)
  region size 2048K, 2 young (4096K), 2 survivors (4096K)
 Metaspace       used 115038K, committed 117440K, reserved 1179648K
  class space    used 15627K, committed 16832K, reserved 1048576K
}
Event: 71.691 GC heap before
{Heap before GC invocations=61 (full 0):
 garbage-first heap   total 219136K, used 199788K [0x0000000700000000, 0x0000000800000000)
  region size 2048K, 33 young (67584K), 2 survivors (4096K)
 Metaspace       used 116509K, committed 118912K, reserved 1179648K
  class space    used 15868K, committed 17088K, reserved 1048576K
}
Event: 71.705 GC heap after
{Heap after GC invocations=62 (full 0):
 garbage-first heap   total 219136K, used 149504K [0x0000000700000000, 0x0000000800000000)
  region size 2048K, 5 young (10240K), 5 survivors (10240K)
 Metaspace       used 116509K, committed 118912K, reserved 1179648K
  class space    used 15868K, committed 17088K, reserved 1048576K
}
Event: 72.603 GC heap before
{Heap before GC invocations=63 (full 0):
 garbage-first heap   total 249856K, used 192512K [0x0000000700000000, 0x0000000800000000)
  region size 2048K, 27 young (55296K), 5 survivors (10240K)
 Metaspace       used 116623K, committed 119040K, reserved 1179648K
  class space    used 15873K, committed 17088K, reserved 1048576K
}
Event: 72.616 GC heap after
{Heap after GC invocations=64 (full 0):
 garbage-first heap   total 301056K, used 153290K [0x0000000700000000, 0x0000000800000000)
  region size 2048K, 2 young (4096K), 2 survivors (4096K)
 Metaspace       used 116623K, committed 119040K, reserved 1179648K
  class space    used 15873K, committed 17088K, reserved 1048576K
}
Event: 74.798 GC heap before
{Heap before GC invocations=64 (full 0):
 garbage-first heap   total 301056K, used 261834K [0x0000000700000000, 0x0000000800000000)
  region size 2048K, 56 young (114688K), 2 survivors (4096K)
 Metaspace       used 116818K, committed 119232K, reserved 1179648K
  class space    used 15897K, committed 17088K, reserved 1048576K
}
Event: 74.816 GC heap after
{Heap after GC invocations=65 (full 0):
 garbage-first heap   total 301056K, used 162348K [0x0000000700000000, 0x0000000800000000)
  region size 2048K, 7 young (14336K), 7 survivors (14336K)
 Metaspace       used 116818K, committed 119232K, reserved 1179648K
  class space    used 15897K, committed 17088K, reserved 1048576K
}
Event: 75.976 GC heap before
{Heap before GC invocations=65 (full 0):
 garbage-first heap   total 301056K, used 266796K [0x0000000700000000, 0x0000000800000000)
  region size 2048K, 59 young (120832K), 7 survivors (14336K)
 Metaspace       used 117016K, committed 119424K, reserved 1179648K
  class space    used 15920K, committed 17088K, reserved 1048576K
}
Event: 76.000 GC heap after
{Heap after GC invocations=66 (full 0):
 garbage-first heap   total 301056K, used 167161K [0x0000000700000000, 0x0000000800000000)
  region size 2048K, 5 young (10240K), 5 survivors (10240K)
 Metaspace       used 117016K, committed 119424K, reserved 1179648K
  class space    used 15920K, committed 17088K, reserved 1048576K
}
Event: 77.498 GC heap before
{Heap before GC invocations=66 (full 0):
 garbage-first heap   total 301056K, used 267513K [0x0000000700000000, 0x0000000800000000)
  region size 2048K, 55 young (112640K), 5 survivors (10240K)
 Metaspace       used 117269K, committed 119680K, reserved 1179648K
  class space    used 15950K, committed 17152K, reserved 1048576K
}
Event: 77.521 GC heap after
{Heap after GC invocations=67 (full 0):
 garbage-first heap   total 301056K, used 176768K [0x0000000700000000, 0x0000000800000000)
  region size 2048K, 6 young (12288K), 6 survivors (12288K)
 Metaspace       used 117269K, committed 119680K, reserved 1179648K
  class space    used 15950K, committed 17152K, reserved 1048576K
}
Event: 79.209 GC heap before
{Heap before GC invocations=68 (full 0):
 garbage-first heap   total 301056K, used 266880K [0x0000000700000000, 0x0000000800000000)
  region size 2048K, 51 young (104448K), 6 survivors (12288K)
 Metaspace       used 117599K, committed 120128K, reserved 1179648K
  class space    used 15985K, committed 17216K, reserved 1048576K
}
Event: 79.238 GC heap after
{Heap after GC invocations=69 (full 0):
 garbage-first heap   total 301056K, used 184597K [0x0000000700000000, 0x0000000800000000)
  region size 2048K, 5 young (10240K), 5 survivors (10240K)
 Metaspace       used 117599K, committed 120128K, reserved 1179648K
  class space    used 15985K, committed 17216K, reserved 1048576K
}
Event: 80.331 GC heap before
{Heap before GC invocations=69 (full 0):
 garbage-first heap   total 301056K, used 268565K [0x0000000700000000, 0x0000000800000000)
  region size 2048K, 47 young (96256K), 5 survivors (10240K)
 Metaspace       used 117723K, committed 120256K, reserved 1179648K
  class space    used 15998K, committed 17216K, reserved 1048576K
}
Event: 80.350 GC heap after
{Heap after GC invocations=70 (full 0):
 garbage-first heap   total 301056K, used 183871K [0x0000000700000000, 0x0000000800000000)
  region size 2048K, 3 young (6144K), 3 survivors (6144K)
 Metaspace       used 117723K, committed 120256K, reserved 1179648K
  class space    used 15998K, committed 17216K, reserved 1048576K
}
Event: 81.886 GC heap before
{Heap before GC invocations=70 (full 0):
 garbage-first heap   total 301056K, used 269887K [0x0000000700000000, 0x0000000800000000)
  region size 2048K, 46 young (94208K), 3 survivors (6144K)
 Metaspace       used 118068K, committed 120576K, reserved 1179648K
  class space    used 16039K, committed 17280K, reserved 1048576K
}

Dll operation events (3 events):
Event: 0.045 Loaded shared library C:\Program Files\Android\Android Studio\jbr\bin\java.dll
Event: 0.053 Loaded shared library C:\Program Files\Android\Android Studio\jbr\bin\zip.dll
Event: 4.381 Loaded shared library C:\Program Files\Android\Android Studio\jbr\bin\verify.dll

Deoptimization events (20 events):
Event: 80.677 Thread 0x000002105883ae40 DEOPT PACKING pc=0x000002104419e120 sp=0x0000003be84f92f0
Event: 80.677 Thread 0x000002105883ae40 DEOPT UNPACKING pc=0x00000210437446a2 sp=0x0000003be84f92b8 mode 2
Event: 80.677 Thread 0x000002105883ae40 Uncommon trap: trap_request=0xffffffde fr.pc=0x000002104419e120 relative=0x0000000000000320
Event: 80.677 Thread 0x000002105883ae40 Uncommon trap: reason=class_check action=maybe_recompile pc=0x000002104419e120 method=org.gradle.api.internal.attributes.DefaultMutableAttributeContainer.keySet()Ljava/util/Set; @ 17 c2
Event: 80.677 Thread 0x000002105883ae40 DEOPT PACKING pc=0x000002104419e120 sp=0x0000003be84f9260
Event: 80.677 Thread 0x000002105883ae40 DEOPT UNPACKING pc=0x00000210437446a2 sp=0x0000003be84f9228 mode 2
Event: 80.681 Thread 0x000002105883ae40 Uncommon trap: trap_request=0xffffffde fr.pc=0x000002104419e120 relative=0x0000000000000320
Event: 80.681 Thread 0x000002105883ae40 Uncommon trap: reason=class_check action=maybe_recompile pc=0x000002104419e120 method=org.gradle.api.internal.attributes.DefaultMutableAttributeContainer.keySet()Ljava/util/Set; @ 17 c2
Event: 80.681 Thread 0x000002105883ae40 DEOPT PACKING pc=0x000002104419e120 sp=0x0000003be84f92f0
Event: 80.681 Thread 0x000002105883ae40 DEOPT UNPACKING pc=0x00000210437446a2 sp=0x0000003be84f92b8 mode 2
Event: 80.681 Thread 0x000002105883ae40 Uncommon trap: trap_request=0xffffffde fr.pc=0x000002104419e120 relative=0x0000000000000320
Event: 80.681 Thread 0x000002105883ae40 Uncommon trap: reason=class_check action=maybe_recompile pc=0x000002104419e120 method=org.gradle.api.internal.attributes.DefaultMutableAttributeContainer.keySet()Ljava/util/Set; @ 17 c2
Event: 80.681 Thread 0x000002105883ae40 DEOPT PACKING pc=0x000002104419e120 sp=0x0000003be84f9260
Event: 80.681 Thread 0x000002105883ae40 DEOPT UNPACKING pc=0x00000210437446a2 sp=0x0000003be84f9228 mode 2
Event: 80.718 Thread 0x000002105883ae40 DEOPT PACKING pc=0x000002103c30f3bd sp=0x0000003be84f9160
Event: 80.718 Thread 0x000002105883ae40 DEOPT UNPACKING pc=0x0000021043744e42 sp=0x0000003be84f8650 mode 0
Event: 81.140 Thread 0x000002105880fee0 Uncommon trap: trap_request=0xffffff45 fr.pc=0x0000021044562bac relative=0x00000000000055ec
Event: 81.140 Thread 0x000002105880fee0 Uncommon trap: reason=unstable_if action=reinterpret pc=0x0000021044562bac method=org.gradle.cache.internal.btree.BTreePersistentIndexedCache.put(Ljava/lang/Object;Ljava/lang/Object;)V @ 30 c2
Event: 81.140 Thread 0x000002105880fee0 DEOPT PACKING pc=0x0000021044562bac sp=0x0000003be8afee30
Event: 81.140 Thread 0x000002105880fee0 DEOPT UNPACKING pc=0x00000210437446a2 sp=0x0000003be8afece8 mode 2

Classes loaded (20 events):
Event: 66.691 Loading class java/util/AbstractList$SubList$1
Event: 66.691 Loading class java/util/AbstractList$SubList$1 done
Event: 66.731 Loading class java/lang/IntegerBeanInfo
Event: 66.731 Loading class java/lang/IntegerBeanInfo done
Event: 66.732 Loading class java/lang/IntegerBeanInfo
Event: 66.732 Loading class java/lang/IntegerBeanInfo done
Event: 66.732 Loading class java/lang/NumberBeanInfo
Event: 66.732 Loading class java/lang/NumberBeanInfo done
Event: 66.732 Loading class java/lang/NumberBeanInfo
Event: 66.732 Loading class java/lang/NumberBeanInfo done
Event: 66.733 Loading class java/lang/NumberCustomizer
Event: 66.733 Loading class java/lang/NumberCustomizer done
Event: 66.733 Loading class java/lang/NumberCustomizer
Event: 66.733 Loading class java/lang/NumberCustomizer done
Event: 66.733 Loading class java/lang/IntegerCustomizer
Event: 66.733 Loading class java/lang/IntegerCustomizer done
Event: 66.734 Loading class java/lang/IntegerCustomizer
Event: 66.734 Loading class java/lang/IntegerCustomizer done
Event: 66.734 Loading class jdk/internal/ValueBased
Event: 66.742 Loading class jdk/internal/ValueBased done

Classes unloaded (0 events):
No events

Classes redefined (0 events):
No events

Internal exceptions (20 events):
Event: 77.869 Thread 0x000002105883ae40 Exception <a 'java/lang/ClassNotFoundException'{0x000000071007a978}: build_a4o1spxut6vqbj09dgtbtpdriBeanInfo> (0x000000071007a978) 
thrown [s\src\hotspot\share\classfile\systemDictionary.cpp, line 312]
Event: 77.869 Thread 0x000002105883ae40 Exception <a 'java/lang/ClassNotFoundException'{0x00000007100816e8}: build_a4o1spxut6vqbj09dgtbtpdriCustomizer> (0x00000007100816e8) 
thrown [s\src\hotspot\share\classfile\systemDictionary.cpp, line 312]
Event: 78.194 Thread 0x000002105883ae40 Exception <a 'java/lang/ClassNotFoundException'{0x000000070fb403e0}: build_3xsvtw4zqimg8lyq7qw7gla9yBeanInfo> (0x000000070fb403e0) 
thrown [s\src\hotspot\share\classfile\systemDictionary.cpp, line 312]
Event: 78.195 Thread 0x000002105883ae40 Exception <a 'java/lang/ClassNotFoundException'{0x000000070fb471b0}: build_3xsvtw4zqimg8lyq7qw7gla9yCustomizer> (0x000000070fb471b0) 
thrown [s\src\hotspot\share\classfile\systemDictionary.cpp, line 312]
Event: 78.384 Thread 0x000002105883ae40 Exception <a 'java/lang/ClassNotFoundException'{0x000000070f0f48b0}: build_3xsvtw4zqimg8lyq7qw7gla9yBeanInfo> (0x000000070f0f48b0) 
thrown [s\src\hotspot\share\classfile\systemDictionary.cpp, line 312]
Event: 78.385 Thread 0x000002105883ae40 Exception <a 'java/lang/ClassNotFoundException'{0x000000070f0fb620}: build_3xsvtw4zqimg8lyq7qw7gla9yCustomizer> (0x000000070f0fb620) 
thrown [s\src\hotspot\share\classfile\systemDictionary.cpp, line 312]
Event: 78.753 Thread 0x000002105883ae40 Exception <a 'java/lang/ClassNotFoundException'{0x000000070e818230}: build_2h7ckvwtbpdm85yw05rcx2ynpBeanInfo> (0x000000070e818230) 
thrown [s\src\hotspot\share\classfile\systemDictionary.cpp, line 312]
Event: 78.754 Thread 0x000002105883ae40 Exception <a 'java/lang/ClassNotFoundException'{0x000000070e81f000}: build_2h7ckvwtbpdm85yw05rcx2ynpCustomizer> (0x000000070e81f000) 
thrown [s\src\hotspot\share\classfile\systemDictionary.cpp, line 312]
Event: 80.074 Thread 0x000002105880fee0 Implicit null exception at 0x0000021043fd4a6c to 0x0000021043fd6418
Event: 80.074 Thread 0x000002105883ae40 Implicit null exception at 0x000002104421aae3 to 0x000002104421cedc
Event: 80.078 Thread 0x000002105880fee0 Implicit null exception at 0x0000021044209f68 to 0x000002104420b394
Event: 80.079 Thread 0x000002105883ae40 Implicit null exception at 0x00000210442146e2 to 0x0000021044215660
Event: 80.081 Thread 0x000002105880fee0 Implicit null exception at 0x0000021044439520 to 0x000002104443a8e0
Event: 80.087 Thread 0x000002105880fee0 Implicit null exception at 0x0000021044436760 to 0x00000210444379a4
Event: 80.092 Thread 0x000002105880fee0 Implicit null exception at 0x000002104443d41c to 0x000002104443e230
Event: 80.118 Thread 0x000002105883ae40 Exception <a 'java/lang/ClassNotFoundException'{0x000000070d3f7d10}: build_2h7ckvwtbpdm85yw05rcx2ynpBeanInfo> (0x000000070d3f7d10) 
thrown [s\src\hotspot\share\classfile\systemDictionary.cpp, line 312]
Event: 80.119 Thread 0x000002105883ae40 Exception <a 'java/lang/ClassNotFoundException'{0x000000070d3fea80}: build_2h7ckvwtbpdm85yw05rcx2ynpCustomizer> (0x000000070d3fea80) 
thrown [s\src\hotspot\share\classfile\systemDictionary.cpp, line 312]
Event: 80.744 Thread 0x000002105883ae40 Exception <a 'java/lang/ClassNotFoundException'{0x00000007116384d0}: build_chwy373uqtxyh1yada5tb6bitBeanInfo> (0x00000007116384d0) 
thrown [s\src\hotspot\share\classfile\systemDictionary.cpp, line 312]
Event: 80.745 Thread 0x000002105883ae40 Exception <a 'java/lang/ClassNotFoundException'{0x000000071163f2a0}: build_chwy373uqtxyh1yada5tb6bitCustomizer> (0x000000071163f2a0) 
thrown [s\src\hotspot\share\classfile\systemDictionary.cpp, line 312]
Event: 81.140 Thread 0x000002105880fee0 Implicit null exception at 0x000002104455e064 to 0x0000021044562b90

ZGC Phase Switch (0 events):
No events

VM Operations (20 events):
Event: 76.000 Executing VM operation: G1CollectForAllocation (G1 Evacuation Pause) done
Event: 77.001 Executing VM operation: Cleanup
Event: 77.001 Executing VM operation: Cleanup done
Event: 77.498 Executing VM operation: G1CollectForAllocation (G1 Evacuation Pause)
Event: 77.521 Executing VM operation: G1CollectForAllocation (G1 Evacuation Pause) done
Event: 77.980 Executing VM operation: G1PauseRemark
Event: 77.993 Executing VM operation: G1PauseRemark done
Event: 78.177 Executing VM operation: G1PauseCleanup
Event: 78.177 Executing VM operation: G1PauseCleanup done
Event: 79.186 Executing VM operation: Cleanup
Event: 79.187 Executing VM operation: Cleanup done
Event: 79.209 Executing VM operation: G1CollectForAllocation (G1 Evacuation Pause)
Event: 79.238 Executing VM operation: G1CollectForAllocation (G1 Evacuation Pause) done
Event: 80.246 Executing VM operation: Cleanup
Event: 80.262 Executing VM operation: Cleanup done
Event: 80.331 Executing VM operation: G1CollectForAllocation (G1 Evacuation Pause)
Event: 80.351 Executing VM operation: G1CollectForAllocation (G1 Evacuation Pause) done
Event: 81.351 Executing VM operation: Cleanup
Event: 81.367 Executing VM operation: Cleanup done
Event: 81.886 Executing VM operation: G1CollectForAllocation (G1 Evacuation Pause)

Memory protections (0 events):
No events

Nmethod flushes (20 events):
Event: 77.991 Thread 0x0000021052828960 flushing  nmethod 0x000002103cc19e10
Event: 77.991 Thread 0x0000021052828960 flushing  nmethod 0x000002103cc1a390
Event: 77.991 Thread 0x0000021052828960 flushing  nmethod 0x000002103cc1b610
Event: 77.991 Thread 0x0000021052828960 flushing  nmethod 0x000002103cc3fa10
Event: 77.991 Thread 0x0000021052828960 flushing  nmethod 0x000002103cc51910
Event: 77.991 Thread 0x0000021052828960 flushing  nmethod 0x000002103cc58710
Event: 77.991 Thread 0x0000021052828960 flushing  nmethod 0x000002103ccf4390
Event: 77.991 Thread 0x0000021052828960 flushing  nmethod 0x000002103ce18210
Event: 77.991 Thread 0x0000021052828960 flushing  nmethod 0x000002103ce1be90
Event: 77.991 Thread 0x0000021052828960 flushing  nmethod 0x000002103ce6a590
Event: 77.991 Thread 0x0000021052828960 flushing  nmethod 0x000002103ce6b410
Event: 77.991 Thread 0x0000021052828960 flushing  nmethod 0x000002103ce6ba90
Event: 77.991 Thread 0x0000021052828960 flushing  nmethod 0x000002103ce6ca90
Event: 77.991 Thread 0x0000021052828960 flushing  nmethod 0x000002103ce9d490
Event: 77.991 Thread 0x0000021052828960 flushing  nmethod 0x000002103cf65390
Event: 77.991 Thread 0x0000021052828960 flushing  nmethod 0x000002103d008390
Event: 77.991 Thread 0x0000021052828960 flushing  nmethod 0x000002103d0a4210
Event: 77.991 Thread 0x0000021052828960 flushing  nmethod 0x000002103d0aad90
Event: 77.991 Thread 0x0000021052828960 flushing  nmethod 0x000002103d134790
Event: 77.991 Thread 0x0000021052828960 flushing  nmethod 0x000002103d312b10

Events (20 events):
Event: 67.182 Thread 0x000002105883ae40 Thread added: 0x000002105b4f5420
Event: 67.210 Thread 0x000002105883ae40 Thread added: 0x000002105b4f4d90
Event: 67.211 Thread 0x000002105883ae40 Thread added: 0x000002105b4f39e0
Event: 67.214 Thread 0x000002105883ae40 Thread added: 0x000002105b4f2630
Event: 67.398 Thread 0x000002105883ae40 Thread added: 0x000002105b4f2cc0
Event: 67.399 Thread 0x000002105883ae40 Thread added: 0x000002105b4f4700
Event: 67.399 Thread 0x000002105883ae40 Thread added: 0x000002105b4f5ab0
Event: 71.248 Thread 0x0000021057bb20b0 Thread exited: 0x0000021057bb20b0
Event: 71.531 Thread 0x00000210528b4320 Thread added: 0x0000021057bb20b0
Event: 72.012 Thread 0x000002105883ae40 Thread added: 0x000002105b4f7b80
Event: 72.012 Thread 0x000002105883ae40 Thread added: 0x000002105b4f88a0
Event: 72.012 Thread 0x000002105883ae40 Thread added: 0x000002105b4f9c50
Event: 72.075 Thread 0x000002105883ae40 Thread added: 0x000002105b4f8210
Event: 72.076 Thread 0x000002105883ae40 Thread added: 0x000002105b4f8f30
Event: 72.077 Thread 0x000002105883ae40 Thread added: 0x000002105b4f95c0
Event: 72.239 Thread 0x000002105883ae40 Thread added: 0x00000210641defc0
Event: 72.239 Thread 0x000002105883ae40 Thread added: 0x00000210641de2a0
Event: 72.240 Thread 0x000002105883ae40 Thread added: 0x00000210641df650
Event: 73.516 Thread 0x0000021057bb20b0 Thread exited: 0x0000021057bb20b0
Event: 74.328 Thread 0x000002105883ae40 Thread added: 0x00000210641e1090


Dynamic libraries:
0x00007ff6d9a20000 - 0x00007ff6d9a2a000 	C:\Program Files\Android\Android Studio\jbr\bin\java.exe
0x00007ffc63140000 - 0x00007ffc633a6000 	C:\WINDOWS\SYSTEM32\ntdll.dll
0x00007ffc61e40000 - 0x00007ffc61f09000 	C:\WINDOWS\System32\KERNEL32.DLL
0x00007ffc60780000 - 0x00007ffc60b7f000 	C:\WINDOWS\System32\KERNELBASE.dll
0x00007ffc60c80000 - 0x00007ffc60dcc000 	C:\WINDOWS\System32\ucrtbase.dll
0x00007ffc55050000 - 0x00007ffc55068000 	C:\Program Files\Android\Android Studio\jbr\bin\jli.dll
0x00007ffc5ac60000 - 0x00007ffc5ac7b000 	C:\Program Files\Android\Android Studio\jbr\bin\VCRUNTIME140.dll
0x00007ffc61f20000 - 0x00007ffc620e6000 	C:\WINDOWS\System32\USER32.dll
0x00007ffc60b90000 - 0x00007ffc60bb7000 	C:\WINDOWS\System32\win32u.dll
0x00007ffc4d4b0000 - 0x00007ffc4d741000 	C:\WINDOWS\WinSxS\amd64_microsoft.windows.common-controls_6595b64144ccf1df_6.0.26100.8972_none_3e0da176e32f9d4b\COMCTL32.dll
0x00007ffc62280000 - 0x00007ffc62329000 	C:\WINDOWS\System32\msvcrt.dll
0x00007ffc62b50000 - 0x00007ffc62b7b000 	C:\WINDOWS\System32\GDI32.dll
0x00007ffc60650000 - 0x00007ffc60779000 	C:\WINDOWS\System32\gdi32full.dll
0x00007ffc605a0000 - 0x00007ffc60643000 	C:\WINDOWS\System32\msvcp_win.dll
0x00007ffc61070000 - 0x00007ffc610a2000 	C:\WINDOWS\System32\IMM32.DLL
0x00007ffc5cc70000 - 0x00007ffc5cc7c000 	C:\Program Files\Android\Android Studio\jbr\bin\vcruntime140_1.dll
0x00007ffc47750000 - 0x00007ffc477dd000 	C:\Program Files\Android\Android Studio\jbr\bin\msvcp140.dll
0x00007ffbc2a40000 - 0x00007ffbc36c3000 	C:\Program Files\Android\Android Studio\jbr\bin\server\jvm.dll
0x00007ffc61a80000 - 0x00007ffc61b3c000 	C:\WINDOWS\System32\ADVAPI32.dll
0x00007ffc61d30000 - 0x00007ffc61dda000 	C:\WINDOWS\System32\sechost.dll
0x00007ffc618f0000 - 0x00007ffc61a08000 	C:\WINDOWS\System32\RPCRT4.dll
0x00007ffc62b80000 - 0x00007ffc62c02000 	C:\WINDOWS\System32\WS2_32.dll
0x00007ffc601b0000 - 0x00007ffc6020e000 	C:\WINDOWS\SYSTEM32\POWRPROF.dll
0x00007ffc57fc0000 - 0x00007ffc57ff6000 	C:\WINDOWS\SYSTEM32\WINMM.dll
0x00007ffc58000000 - 0x00007ffc5800b000 	C:\WINDOWS\SYSTEM32\VERSION.dll
0x00007ffc60190000 - 0x00007ffc601a5000 	C:\WINDOWS\SYSTEM32\UMPDC.dll
0x00007ffc5f040000 - 0x00007ffc5f05b000 	C:\WINDOWS\SYSTEM32\kernel.appcore.dll
0x00007ffc5ac50000 - 0x00007ffc5ac5a000 	C:\Program Files\Android\Android Studio\jbr\bin\jimage.dll
0x00007ffc5d7f0000 - 0x00007ffc5da32000 	C:\WINDOWS\SYSTEM32\DBGHELP.DLL
0x00007ffc610b0000 - 0x00007ffc61435000 	C:\WINDOWS\System32\combase.dll
0x00007ffc62cc0000 - 0x00007ffc62d99000 	C:\WINDOWS\System32\OLEAUT32.dll
0x00007ffc43af0000 - 0x00007ffc43b2b000 	C:\WINDOWS\SYSTEM32\dbgcore.DLL
0x00007ffc60bc0000 - 0x00007ffc60c6c000 	C:\WINDOWS\System32\bcryptPrimitives.dll
0x00007ffc550a0000 - 0x00007ffc550ae000 	C:\Program Files\Android\Android Studio\jbr\bin\instrument.dll
0x00007ffc5abe0000 - 0x00007ffc5ac00000 	C:\Program Files\Android\Android Studio\jbr\bin\java.dll
0x00007ffc5abc0000 - 0x00007ffc5abd8000 	C:\Program Files\Android\Android Studio\jbr\bin\zip.dll
0x00007ffc62330000 - 0x00007ffc62ab8000 	C:\WINDOWS\System32\SHELL32.dll
0x00007ffc5de40000 - 0x00007ffc5e6db000 	C:\WINDOWS\SYSTEM32\windows.storage.dll
0x00007ffc62da0000 - 0x00007ffc62e99000 	C:\WINDOWS\System32\SHCORE.dll
0x00007ffc61a10000 - 0x00007ffc61a76000 	C:\WINDOWS\System32\shlwapi.dll
0x00007ffc60270000 - 0x00007ffc60299000 	C:\WINDOWS\SYSTEM32\profapi.dll
0x00007ffc5ac40000 - 0x00007ffc5ac50000 	C:\Program Files\Android\Android Studio\jbr\bin\net.dll
0x00007ffc54590000 - 0x00007ffc546b8000 	C:\WINDOWS\SYSTEM32\WINHTTP.dll
0x00007ffc5f5f0000 - 0x00007ffc5f65c000 	C:\WINDOWS\system32\mswsock.dll
0x00007ffc4a350000 - 0x00007ffc4a366000 	C:\Program Files\Android\Android Studio\jbr\bin\nio.dll
0x00007ffc55580000 - 0x00007ffc55590000 	C:\Program Files\Android\Android Studio\jbr\bin\verify.dll
0x00007ffc43f20000 - 0x00007ffc43f47000 	C:\Users\ASUS\.gradle\native\1def1411415f61bf3af743bc5b6707747c0891f09f0c88961ee8f79bc544acac\windows-amd64\native-platform.dll
0x00007ffbfe4b0000 - 0x00007ffbfe528000 	C:\Users\ASUS\.gradle\native\0.2.7\x86_64-windows-gnu\gradle-fileevents.dll
0x00007ffc5ab80000 - 0x00007ffc5ab89000 	C:\Program Files\Android\Android Studio\jbr\bin\management.dll
0x00007ffc558c0000 - 0x00007ffc558cb000 	C:\Program Files\Android\Android Studio\jbr\bin\management_ext.dll
0x00007ffc618d0000 - 0x00007ffc618d8000 	C:\WINDOWS\System32\PSAPI.DLL
0x00007ffc5ea10000 - 0x00007ffc5ea43000 	C:\WINDOWS\SYSTEM32\IPHLPAPI.DLL
0x00007ffc618e0000 - 0x00007ffc618ea000 	C:\WINDOWS\System32\NSI.dll
0x00007ffc5abb0000 - 0x00007ffc5abb9000 	C:\Program Files\Android\Android Studio\jbr\bin\extnet.dll
0x00007ffc5f8e0000 - 0x00007ffc5f8fb000 	C:\WINDOWS\SYSTEM32\CRYPTSP.dll
0x00007ffc5efa0000 - 0x00007ffc5efd9000 	C:\WINDOWS\system32\rsaenh.dll
0x00007ffc5f6a0000 - 0x00007ffc5f6d2000 	C:\WINDOWS\SYSTEM32\USERENV.dll
0x00007ffc60240000 - 0x00007ffc6026a000 	C:\WINDOWS\SYSTEM32\bcrypt.dll
0x00007ffc5f900000 - 0x00007ffc5f90c000 	C:\WINDOWS\SYSTEM32\CRYPTBASE.dll
0x00007ffc551f0000 - 0x00007ffc551f8000 	C:\WINDOWS\system32\wshunix.dll

dbghelp: loaded successfully - version: 4.0.5 - missing functions: none
symbol engine: initialized successfully - sym options: 0x614 - pdb path: .;C:\Program Files\Android\Android Studio\jbr\bin;C:\WINDOWS\SYSTEM32;C:\WINDOWS\WinSxS\amd64_microsoft.windows.common-controls_6595b64144ccf1df_6.0.26100.8972_none_3e0da176e32f9d4b;C:\Program Files\Android\Android Studio\jbr\bin\server;C:\Users\ASUS\.gradle\native\1def1411415f61bf3af743bc5b6707747c0891f09f0c88961ee8f79bc544acac\windows-amd64;C:\Users\ASUS\.gradle\native\0.2.7\x86_64-windows-gnu

VM Arguments:
jvm_args: --add-opens=java.base/java.lang=ALL-UNNAMED --add-opens=java.base/java.lang.invoke=ALL-UNNAMED --add-opens=java.base/java.util=ALL-UNNAMED --add-opens=java.prefs/java.util.prefs=ALL-UNNAMED --add-exports=jdk.compiler/com.sun.tools.javac.api=ALL-UNNAMED --add-exports=jdk.compiler/com.sun.tools.javac.util=ALL-UNNAMED --add-opens=java.base/java.util=ALL-UNNAMED --add-opens=java.prefs/java.util.prefs=ALL-UNNAMED --add-opens=java.base/java.nio.charset=ALL-UNNAMED --add-opens=java.base/java.net=ALL-UNNAMED --add-opens=java.base/java.util.concurrent.atomic=ALL-UNNAMED --add-opens=java.xml/javax.xml.namespace=ALL-UNNAMED -XX:MaxMetaspaceSize=2G -XX:+HeapDumpOnOutOfMemoryError -Xmx4G -Dfile.encoding=UTF-8 -Duser.country=ID -Duser.language=en -Duser.variant -javaagent:C:\Users\ASUS\.gradle\wrapper\dists\gradle-8.14-all\c2qonpi39x1mddn7hk5gh9iqj\gradle-8.14\lib\agents\gradle-instrumentation-agent-8.14.jar 
java_command: org.gradle.launcher.daemon.bootstrap.GradleDaemon 8.14
java_class_path (initial): C:\Users\ASUS\.gradle\wrapper\dists\gradle-8.14-all\c2qonpi39x1mddn7hk5gh9iqj\gradle-8.14\lib\gradle-daemon-main-8.14.jar
Launcher Type: SUN_STANDARD

[Global flags]
     intx CICompilerCount                          = 3                                         {product} {ergonomic}
     uint ConcGCThreads                            = 1                                         {product} {ergonomic}
     uint G1ConcRefinementThreads                  = 4                                         {product} {ergonomic}
   size_t G1HeapRegionSize                         = 2097152                                   {product} {ergonomic}
    uintx GCDrainStackTargetSize                   = 64                                        {product} {ergonomic}
     bool HeapDumpOnOutOfMemoryError               = true                                   {manageable} {command line}
   size_t InitialHeapSize                          = 100663296                                 {product} {ergonomic}
   size_t MarkStackSize                            = 4194304                                   {product} {ergonomic}
   size_t MaxHeapSize                              = 4294967296                                {product} {command line}
   size_t MaxMetaspaceSize                         = 2147483648                                {product} {command line}
   size_t MaxNewSize                               = 2575302656                                {product} {ergonomic}
   size_t MinHeapDeltaBytes                        = 2097152                                   {product} {ergonomic}
   size_t MinHeapSize                              = 8388608                                   {product} {ergonomic}
    uintx NonNMethodCodeHeapSize                   = 5832780                                {pd product} {ergonomic}
    uintx NonProfiledCodeHeapSize                  = 122912730                              {pd product} {ergonomic}
    uintx ProfiledCodeHeapSize                     = 122912730                              {pd product} {ergonomic}
    uintx ReservedCodeCacheSize                    = 251658240                              {pd product} {ergonomic}
     bool SegmentedCodeCache                       = true                                      {product} {ergonomic}
   size_t SoftMaxHeapSize                          = 4294967296                             {manageable} {ergonomic}
     bool UseCompressedOops                        = true                           {product lp64_product} {ergonomic}
     bool UseG1GC                                  = true                                      {product} {ergonomic}
     bool UseLargePagesIndividualAllocation        = false                                  {pd product} {ergonomic}

Logging:
Log output configuration:
 #0: stdout all=warning uptime,level,tags foldmultilines=false
 #1: stderr all=off uptime,level,tags foldmultilines=false

Environment Variables:
JAVA_HOME=C:\Program Files\Android\Android Studio\jbr
CLASSPATH=D:\SIMPEG\android\\gradle\wrapper\gradle-wrapper.jar
PATH=C:\Program Files\Android\Android Studio\jbr\bin;C:\Program Files\Common Files\Oracle\Java\javapath;C:\Program Files (x86)\Common Files\Intel\Shared Files\cpp\bin\Intel64;C:\WINDOWS\system32;C:\WINDOWS;C:\WINDOWS\System32\Wbem;C:\WINDOWS\System32\WindowsPowerShell\v1.0\;C:\WINDOWS\System32\OpenSSH\;C:\MinGW\bin;C:\xampp\php;C:\ProgramData\ComposerSetup\bin;C:\Program Files (x86)\PuTTY\;C:\flutter\bin;C:\Program Files\Java\jdk-21\bin;C:\Users\ASUS\AppData\Local\Android\Sdk\platforms;C:\Users\ASUS\AppData\Local\Android\Sdk\cmdline-tools\latest;C:\laragon\;C:\Users\ASUS\AppData\Local\Pub\Cache\bin\flutterfire;C:\Users\ASUS\AppData\Local\Pub\Cache\bin;C:\Program Files\Git\cmd;C:\Program Files (x86)\Microsoft SQL Server\170\Tools\Binn\;C:\Program Files\Microsoft SQL Server\170\Tools\Binn\;C:\Program Files\Microsoft SQL Server\Client SDK\ODBC\180\Tools\Binn\;C:\Program Files\Microsoft SQL Server\170\DTS\Binn\;C:\Users\ASUS\AppData\Local\Microsoft\WindowsApps;C:\Users\ASUS\AppData\Local\Programs\Microsoft VS Code\bin;C:\Users\ASUS\AppData\Roaming\Composer\vendor\bin;C:\Users\ASUS\AppData\Roaming\npm;C:\Program Files\Git\cmd;C:\Program Files\Git\bin;C:\Users\ASUS\AppData\Local\Pub\Cache\bin;C:\Users\ASUS\AppData\Local\Pub\Cache\bin\flutterfire;C:\Users\ASUS\AppData\Local\Programs\Antigravity\bin;C:\flutter\bin\mingit\cmd
USERNAME=ASUS
LANG=en_US.UTF-8
OS=Windows_NT
PROCESSOR_IDENTIFIER=AMD64 Family 23 Model 24 Stepping 1, AuthenticAMD
TMP=C:\Users\ASUS\AppData\Local\Temp
TEMP=C:\Users\ASUS\AppData\Local\Temp




Periodic native trim disabled

JNI global refs:
JNI global refs: 26, weak refs: 0

JNI global refs memory usage: 835, weak refs: 833

Process memory usage:
Resident Set Size: 550380K (8% of 6240436K total physical memory with 434448K free physical memory)

OOME stack traces (most recent first):
Classloader memory used:
Loader org.gradle.internal.classloader.VisitableURLClassLoader                         : 46541K
Loader org.gradle.internal.classloader.VisitableURLClassLoader$InstrumentingVisitableURLClassLoader: 28397K
Loader bootstrap                                                                       : 28340K
Loader org.gradle.initialization.MixInLegacyTypesClassLoader                           : 12661K
Loader org.gradle.groovy.scripts.internal.DefaultScriptCompilationHandler$ScriptClassLoader: 924K
Loader jdk.internal.loader.ClassLoaders$PlatformClassLoader                            : 509K
Loader jdk.internal.loader.ClassLoaders$AppClassLoader                                 : 235K
Loader org.codehaus.groovy.runtime.callsite.CallSiteClassLoader                        : 212K
Loader jdk.internal.reflect.DelegatingClassLoader                                      : 131K
Loader org.gradle.internal.classloader.VisitableURLClassLoader                         : 113K

Classes loaded by more than one classloader:
Class Program                                                                         : loaded 6 times (x 68B)
Class com.google.common.base.Equivalence$Identity                                     : loaded 2 times (x 78B)
Class com.google.common.collect.RegularImmutableMap$KeySet                            : loaded 2 times (x 148B)
Class org.gradle.internal.classloader.FilteringClassLoader                            : loaded 2 times (x 101B)
Class com.google.common.base.CharMatcher$IsEither                                     : loaded 2 times (x 107B)
Class org.gradle.internal.classloader.ClassLoaderHierarchy                            : loaded 2 times (x 66B)
Class com.google.common.collect.ImmutableEnumSet                                      : loaded 2 times (x 142B)
Class com.google.common.util.concurrent.ExecutionError                                : loaded 2 times (x 78B)
Class com.google.common.collect.ImmutableList$1                                       : loaded 2 times (x 93B)
Class org.gradle.api.internal.classpath.ManifestUtil                                  : loaded 2 times (x 67B)
Class com.google.common.collect.RegularImmutableMap                                   : loaded 2 times (x 117B)
Class com.google.common.collect.ImmutableMap$MapViewOfValuesAsSingletonSets           : loaded 2 times (x 122B)
Class [Lorg.objectweb.asm.Symbol;                                                     : loaded 2 times (x 65B)
Class org.objectweb.asm.ClassVisitor                                                  : loaded 2 times (x 84B)
Class com.google.common.collect.UnmodifiableListIterator                              : loaded 2 times (x 91B)
Class com.google.common.base.Platform$JdkPatternCompiler                              : loaded 2 times (x 71B)
Class org.objectweb.asm.MethodTooLargeException                                       : loaded 2 times (x 79B)
Class [Lcom.google.common.cache.CacheBuilder$OneWeigher;                              : loaded 2 times (x 65B)
Class com.google.common.base.Suppliers                                                : loaded 2 times (x 67B)
Class org.gradle.internal.classloader.DefaultClassLoaderFactory                       : loaded 2 times (x 78B)
Class org.gradle.internal.classloader.ClassLoaderVisitor                              : loaded 2 times (x 72B)
Class [Lcom.google.common.collect.ImmutableMapEntry;                                  : loaded 2 times (x 65B)
Class org.gradle.api.internal.classpath.EffectiveClassPath                            : loaded 2 times (x 86B)
Class com.google.common.collect.ImmutableRangeSet                                     : loaded 2 times (x 111B)
Class com.google.common.collect.ListMultimap                                          : loaded 2 times (x 66B)
Class com.google.common.collect.ImmutableEnumMap                                      : loaded 2 times (x 122B)
Class com.google.common.collect.Iterators$EmptyModifiableIterator                     : loaded 2 times (x 82B)
Class com.google.common.collect.Sets$1                                                : loaded 2 times (x 135B)
Class org.objectweb.asm.AnnotationVisitor                                             : loaded 2 times (x 74B)
Class org.gradle.api.internal.DefaultClassPathProvider                                : loaded 2 times (x 72B)
Class com.google.common.collect.Sets$2                                                : loaded 2 times (x 135B)
Class [Lorg.gradle.api.internal.ClassPathProvider;                                    : loaded 2 times (x 65B)
Class org.gradle.api.internal.ClassPathProvider                                       : loaded 2 times (x 66B)
Class [Lorg.objectweb.asm.AnnotationVisitor;                                          : loaded 2 times (x 65B)
Class com.google.common.collect.Sets$3                                                : loaded 2 times (x 135B)
Class com.google.common.cache.LocalCache$LocalLoadingCache                            : loaded 2 times (x 130B)
Class org.gradle.internal.service.UnknownServiceException                             : loaded 2 times (x 79B)
Class com.google.common.collect.Sets$4                                                : loaded 2 times (x 135B)
Class org.objectweb.asm.ModuleVisitor                                                 : loaded 2 times (x 77B)
Class com.google.common.cache.LocalCache$Strength$1                                   : loaded 2 times (x 77B)
Class com.google.common.util.concurrent.SettableFuture                                : loaded 2 times (x 110B)
Class com.google.common.cache.LocalCache$Strength$2                                   : loaded 2 times (x 77B)
Class native_plugin_loader_wy7qd0v875tvz7q4nv6ezeng$_run_closure1                     : loaded 2 times (x 135B)
Class com.google.common.cache.LocalCache$Strength$3                                   : loaded 2 times (x 77B)
Class com.google.common.collect.MapDifference                                         : loaded 2 times (x 66B)
Class build_a3axe8ks1jcdaeg13kum4deg$_run_closure1$_closure3                          : loaded 2 times (x 135B)
Class org.objectweb.asm.FieldWriter                                                   : loaded 2 times (x 74B)
Class com.google.common.cache.CacheBuilder$NullListener                               : loaded 2 times (x 78B)
Class org.gradle.internal.classpath.TransformedClassPath                              : loaded 2 times (x 92B)
Class org.gradle.internal.classloader.InstrumentingClassLoader                        : loaded 2 times (x 66B)
Class com.google.common.collect.ImmutableRangeSet$AsSet                               : loaded 2 times (x 296B)
Class com.google.common.cache.CacheLoader$FunctionToCacheLoader                       : loaded 2 times (x 71B)
Class com.google.common.collect.Iterators$ArrayItr                                    : loaded 2 times (x 93B)
Class com.google.common.collect.ImmutableCollection$Builder                           : loaded 2 times (x 72B)
Class com.google.common.base.Joiner                                                   : loaded 2 times (x 75B)
Class com.google.common.base.MoreObjects                                              : loaded 2 times (x 67B)
Class com.google.common.collect.Platform                                              : loaded 2 times (x 67B)
Class [Lorg.objectweb.asm.Type;                                                       : loaded 2 times (x 65B)
Class com.google.common.collect.UnmodifiableIterator                                  : loaded 2 times (x 76B)
Class org.gradle.internal.service.ServiceLocator                                      : loaded 2 times (x 66B)
Class com.google.common.collect.SingletonImmutableBiMap                               : loaded 2 times (x 139B)
Class com.google.common.base.Ascii                                                    : loaded 2 times (x 67B)
Class com.google.common.cache.LocalCache$1                                            : loaded 2 times (x 85B)
Class com.google.common.collect.Iterators$SingletonIterator                           : loaded 2 times (x 77B)
Class com.google.common.collect.AbstractMapEntry                                      : loaded 2 times (x 77B)
Class com.google.common.collect.Sets$ImprovedAbstractSet                              : loaded 2 times (x 131B)
Class com.google.common.collect.ImmutableList$Builder                                 : loaded 2 times (x 73B)
Class com.google.common.collect.AbstractMultimap                                      : loaded 2 times (x 119B)
Class com.google.common.cache.LocalCache$2                                            : loaded 2 times (x 138B)
Class com.google.common.collect.ImmutableRangeSet$1                                   : loaded 2 times (x 206B)
Class com.google.common.collect.RegularImmutableAsList                                : loaded 2 times (x 213B)
Class com.google.common.collect.Range                                                 : loaded 2 times (x 83B)
Class com.google.common.util.concurrent.AbstractFuture$Trusted                        : loaded 2 times (x 66B)
Class com.google.common.collect.Iterators                                             : loaded 2 times (x 67B)
Class com.google.common.collect.Lists$StringAsImmutableList                           : loaded 2 times (x 203B)
Class com.google.common.util.concurrent.UncheckedExecutionException                   : loaded 2 times (x 78B)
Class build_ahgzc18218i8r8abwy8u6yny9                                                 : loaded 2 times (x 176B)
Class org.gradle.internal.InternalTransformer                                         : loaded 2 times (x 66B)
Class NativePluginLoader                                                              : loaded 2 times (x 89B)
Class com.google.common.collect.AbstractMapBasedMultimap$KeySet$1                     : loaded 2 times (x 78B)
Class org.objectweb.asm.ClassWriter                                                   : loaded 2 times (x 102B)
Class com.google.common.base.CharMatcher$And                                          : loaded 2 times (x 108B)
Class com.google.common.cache.CacheLoader$UnsupportedLoadingOperationException        : loaded 2 times (x 78B)
Class org.gradle.internal.classloader.ClasspathUtil$1                                 : loaded 2 times (x 72B)
Class com.google.common.collect.AbstractMapBasedMultimap$Itr                          : loaded 2 times (x 79B)
Class org.objectweb.asm.FieldVisitor                                                  : loaded 2 times (x 73B)
Class com.google.common.collect.IndexedImmutableSet                                   : loaded 2 times (x 148B)
Class com.google.common.collect.ImmutableMap$1                                        : loaded 2 times (x 77B)
Class com.google.common.collect.BiMap                                                 : loaded 2 times (x 66B)
Class org.gradle.api.internal.classpath.DefaultModuleRegistry$DefaultModule           : loaded 2 times (x 82B)
Class com.google.common.primitives.Ints                                               : loaded 2 times (x 67B)
Class com.google.common.collect.AbstractIterator                                      : loaded 2 times (x 78B)
Class com.google.common.collect.ObjectArrays                                          : loaded 2 times (x 67B)
Class com.google.common.collect.Multiset                                              : loaded 2 times (x 66B)
Class com.google.common.collect.ArrayListMultimapGwtSerializationDependencies         : loaded 2 times (x 168B)
Class com.google.common.collect.AbstractIndexedListIterator                           : loaded 2 times (x 92B)
Class com.google.common.math.MathPreconditions                                        : loaded 2 times (x 67B)
Class com.google.common.collect.ImmutableMapEntrySet                                  : loaded 2 times (x 148B)
Class org.gradle.api.internal.classpath.Module                                        : loaded 2 times (x 66B)
Class com.google.common.cache.Weigher                                                 : loaded 2 times (x 66B)
Class org.gradle.api.internal.classpath.UnknownModuleException                        : loaded 2 times (x 78B)
Class com.google.common.base.Stopwatch                                                : loaded 2 times (x 68B)
Class com.google.common.cache.LocalCache$Strength                                     : loaded 2 times (x 77B)
Class com.google.common.cache.Cache                                                   : loaded 2 times (x 66B)
Class com.google.common.util.concurrent.AbstractFuture$Cancellation                   : loaded 2 times (x 68B)
Class com.google.common.collect.ImmutableMap$Builder                                  : loaded 2 times (x 78B)
Class native_plugin_loader_wy7qd0v875tvz7q4nv6ezeng                                   : loaded 2 times (x 173B)
Class com.google.common.cache.RemovalListener                                         : loaded 2 times (x 66B)
Class org.gradle.api.internal.DefaultClassPathRegistry                                : loaded 2 times (x 72B)
Class build_2h7ckvwtbpdm85yw05rcx2ynp$_run_closure1$_closure3                         : loaded 2 times (x 135B)
Class build_3xsvtw4zqimg8lyq7qw7gla9y                                                 : loaded 2 times (x 176B)
Class com.google.common.primitives.IntsMethodsForWeb                                  : loaded 2 times (x 67B)
Class com.google.common.collect.Multimap                                              : loaded 2 times (x 66B)
Class org.gradle.api.internal.ClassPathRegistry                                       : loaded 2 times (x 66B)
Class org.gradle.internal.classpath.DefaultClassPath$ImmutableUniqueList              : loaded 2 times (x 195B)
Class NativePluginLoader$_getPlugins_closure1                                         : loaded 2 times (x 136B)
Class com.google.common.base.PairwiseEquivalence                                      : loaded 2 times (x 79B)
Class com.google.common.cache.CacheBuilder                                            : loaded 2 times (x 68B)
Class com.google.common.collect.SingletonImmutableList                                : loaded 2 times (x 203B)
Class org.gradle.internal.classpath.ClassPath                                         : loaded 2 times (x 66B)
Class org.gradle.api.UncheckedIOException                                             : loaded 2 times (x 78B)
Class com.google.common.base.JdkPattern                                               : loaded 2 times (x 71B)
Class com.google.common.collect.ImmutableList$ReverseImmutableList                    : loaded 2 times (x 205B)
Class settings_5lw6v7bfvsj69pqv2ro944ead                                              : loaded 2 times (x 175B)
Class org.objectweb.asm.SymbolTable$Entry                                             : loaded 2 times (x 70B)
Class org.objectweb.asm.Edge                                                          : loaded 2 times (x 68B)
Class com.google.common.base.Suppliers$SupplierOfInstance                             : loaded 2 times (x 75B)
Class com.google.common.collect.Iterators$1                                           : loaded 2 times (x 77B)
Class Dependency_version_checker_gradle                                               : loaded 2 times (x 126B)
Class com.google.common.cache.LocalCache$ComputingValueReference                      : loaded 2 times (x 92B)
Class com.google.common.collect.SingletonImmutableSet                                 : loaded 2 times (x 142B)
Class com.google.common.collect.ImmutableMap$IteratorBasedImmutableMap                : loaded 2 times (x 122B)
Class com.google.common.cache.LocalCache$Segment                                      : loaded 2 times (x 150B)
Class com.google.common.collect.SortedIterable                                        : loaded 2 times (x 66B)
Class com.google.common.collect.AbstractListMultimap                                  : loaded 2 times (x 168B)
Class [Lorg.objectweb.asm.SymbolTable$Entry;                                          : loaded 2 times (x 65B)
Class com.google.common.cache.CacheLoader                                             : loaded 2 times (x 70B)
Class com.google.common.collect.Iterators$4                                           : loaded 2 times (x 78B)
Class com.google.common.collect.ImmutableBiMap                                        : loaded 2 times (x 139B)
Class org.gradle.internal.installation.GradleInstallation$1                           : loaded 2 times (x 71B)
Class org.gradle.api.internal.classpath.ModuleRegistry                                : loaded 2 times (x 66B)
Class com.google.common.util.concurrent.internal.InternalFutureFailureAccess          : loaded 2 times (x 68B)
Class com.google.common.collect.Iterators$5                                           : loaded 2 times (x 78B)
Class com.google.common.collect.ImmutableSet$JdkBackedSetBuilderImpl                  : loaded 2 times (x 72B)
Class com.google.common.base.CharMatcher$ForPredicate                                 : loaded 2 times (x 108B)
Class com.google.common.cache.LocalCache$LocalManualCache$1                           : loaded 2 times (x 71B)
Class com.google.common.base.CharMatcher$AnyOf                                        : loaded 2 times (x 108B)
Class com.google.common.collect.ImmutableCollection                                   : loaded 2 times (x 121B)
Class org.gradle.api.internal.classpath.DefaultModuleRegistry                         : loaded 2 times (x 82B)
Class com.google.common.collect.Lists                                                 : loaded 2 times (x 67B)
Class com.google.common.util.concurrent.ListenableFuture                              : loaded 2 times (x 66B)
Class com.google.common.cache.ReferenceEntry                                          : loaded 2 times (x 66B)
Class com.google.common.base.Converter                                                : loaded 2 times (x 86B)
Class com.google.common.collect.ImmutableSet$CachingAsList                            : loaded 2 times (x 144B)
Class com.google.common.collect.AbstractMapBasedMultimap                              : loaded 2 times (x 135B)
Class com.google.common.util.concurrent.AbstractFuture                                : loaded 2 times (x 102B)
Class com.google.common.base.FunctionalEquivalence                                    : loaded 2 times (x 79B)
Class com.google.common.collect.Iterators$9                                           : loaded 2 times (x 77B)
Class com.google.common.collect.ImmutableAsList                                       : loaded 2 times (x 205B)
Class org.objectweb.asm.RecordComponentVisitor                                        : loaded 2 times (x 73B)
Class com.google.common.cache.CacheLoader$SupplierToCacheLoader                       : loaded 2 times (x 71B)
Class org.gradle.internal.service.ServiceLookupException                              : loaded 2 times (x 78B)
Class com.google.common.collect.ImmutableSortedSet                                    : loaded 2 times (x 296B)
Class [Lcom.google.common.cache.LocalCache$EntryFactory;                              : loaded 2 times (x 65B)
Class org.gradle.internal.classloader.ClassLoaderFactory                              : loaded 2 times (x 66B)
Class NativePluginLoader$getDependenciesMetadata$0                                    : loaded 2 times (x 148B)
Class com.google.common.base.CommonPattern                                            : loaded 2 times (x 70B)
Class com.google.common.base.CharMatcher$IsNot                                        : loaded 2 times (x 107B)
Class com.google.common.cache.LocalCache$LocalManualCache                             : loaded 2 times (x 95B)
Class org.gradle.internal.service.CachingServiceLocator                               : loaded 2 times (x 78B)
Class com.google.common.collect.AbstractMapBasedMultimap$KeySet                       : loaded 2 times (x 133B)
Class com.google.common.collect.RegularImmutableSortedSet                             : loaded 2 times (x 296B)
Class com.google.common.math.IntMath                                                  : loaded 2 times (x 67B)
Class build_vyyte73iy1d6kxn423qto62x                                                  : loaded 2 times (x 176B)
Class com.google.common.collect.ImmutableMapEntry                                     : loaded 2 times (x 81B)
Class com.google.common.base.Equivalence                                              : loaded 2 times (x 78B)
Class com.google.common.base.Function                                                 : loaded 2 times (x 66B)
Class com.google.common.collect.ImmutableMapEntry$NonTerminalImmutableMapEntry        : loaded 2 times (x 81B)
Class com.google.common.collect.IndexedImmutableSet$1                                 : loaded 2 times (x 209B)
Class com.google.common.cache.CacheBuilder$OneWeigher                                 : loaded 2 times (x 78B)
Class com.google.common.collect.RegularImmutableList                                  : loaded 2 times (x 209B)
Class org.gradle.internal.classloader.ClasspathUtil                                   : loaded 2 times (x 67B)
Class com.google.common.util.concurrent.Uninterruptibles                              : loaded 2 times (x 67B)
Class com.google.common.util.concurrent.LazyLogger                                    : loaded 2 times (x 68B)
Class com.google.common.collect.Maps                                                  : loaded 2 times (x 67B)
Class org.gradle.api.specs.Spec                                                       : loaded 2 times (x 66B)
Class [Lcom.google.common.collect.ImmutableEntry;                                     : loaded 2 times (x 65B)
Class com.google.common.cache.LocalCache$LoadingValueReference                        : loaded 2 times (x 92B)
Class com.google.common.base.Platform                                                 : loaded 2 times (x 67B)
Class Build_gradle$1                                                                  : loaded 2 times (x 70B)
Class [Lorg.objectweb.asm.AnnotationWriter;                                           : loaded 2 times (x 65B)
Class com.google.common.collect.Maps$8                                                : loaded 2 times (x 78B)
Class build_d168xr6zkujem4997xvovdqpl                                                 : loaded 2 times (x 176B)
Class com.google.common.collect.ImmutableRangeSet$Builder                             : loaded 2 times (x 73B)
Class [Lcom.google.common.collect.Iterators$EmptyModifiableIterator;                  : loaded 2 times (x 65B)
Class com.google.common.collect.Sets$SetView                                          : loaded 2 times (x 134B)
Class com.google.common.cache.LocalCache$StrongValueReference                         : loaded 2 times (x 86B)
Class org.objectweb.asm.Type                                                          : loaded 2 times (x 68B)
Class org.gradle.internal.classloader.VisitableURLClassLoader$InstrumentingVisitableURLClassLoader: loaded 2 times (x 119B)
Class build_a4o1spxut6vqbj09dgtbtpdri$_run_closure1                                   : loaded 2 times (x 135B)
Class org.objectweb.asm.ByteVector                                                    : loaded 2 times (x 75B)
Class [Lcom.google.common.cache.CacheBuilder$NullListener;                            : loaded 2 times (x 65B)
Class com.google.common.math.IntMath$1                                                : loaded 2 times (x 67B)
Class org.gradle.internal.classloader.VisitableURLClassLoader$Spec                    : loaded 2 times (x 70B)
Class org.gradle.internal.classpath.DefaultClassPath                                  : loaded 2 times (x 86B)
Class build_2h7ckvwtbpdm85yw05rcx2ynp                                                 : loaded 2 times (x 176B)
Class build_3xsvtw4zqimg8lyq7qw7gla9y$_run_closure1$_closure3                         : loaded 2 times (x 135B)
Class org.objectweb.asm.Symbol                                                        : loaded 2 times (x 69B)
Class com.google.common.base.CharMatcher$BitSetMatcher                                : loaded 2 times (x 108B)
Class com.google.common.collect.RegularImmutableMap$Values                            : loaded 2 times (x 203B)
Class com.google.common.collect.ImmutableSet                                          : loaded 2 times (x 141B)
Class org.gradle.internal.classloader.ClassLoaderSpec                                 : loaded 2 times (x 67B)
Class org.objectweb.asm.AnnotationWriter                                              : loaded 2 times (x 75B)
Class com.google.common.cache.CacheStats                                              : loaded 2 times (x 67B)
Class org.objectweb.asm.RecordComponentWriter                                         : loaded 2 times (x 74B)
Class com.google.common.util.concurrent.AbstractFuture$Listener                       : loaded 2 times (x 68B)
Class com.google.common.base.CharMatcher$Or                                           : loaded 2 times (x 108B)
Class org.objectweb.asm.Attribute                                                     : loaded 2 times (x 73B)
Class com.google.common.base.Supplier                                                 : loaded 2 times (x 66B)
Class org.gradle.internal.classloader.VisitableURLClassLoader                         : loaded 2 times (x 113B)
Class build_2h7ckvwtbpdm85yw05rcx2ynp$_run_closure1                                   : loaded 2 times (x 135B)
Class build_a3axe8ks1jcdaeg13kum4deg                                                  : loaded 2 times (x 176B)
Class org.gradle.internal.Cast                                                        : loaded 2 times (x 67B)
Class org.gradle.api.Action                                                           : loaded 2 times (x 66B)
Class build_a4o1spxut6vqbj09dgtbtpdri                                                 : loaded 2 times (x 176B)
Class com.google.common.base.Strings                                                  : loaded 2 times (x 67B)
Class com.google.common.collect.Sets                                                  : loaded 2 times (x 67B)
Class org.objectweb.asm.Handler                                                       : loaded 2 times (x 68B)
Class com.google.common.base.CharMatcher$FastMatcher                                  : loaded 2 times (x 107B)
Class com.google.common.base.Ticker                                                   : loaded 2 times (x 68B)
Class [Lcom.google.common.cache.LocalCache$Segment;                                   : loaded 2 times (x 65B)
Class com.google.common.base.Predicate                                                : loaded 2 times (x 66B)
Class [Lcom.google.common.cache.LocalCache$Strength;                                  : loaded 2 times (x 65B)
Class com.google.common.cache.CacheBuilder$1                                          : loaded 2 times (x 81B)
Class com.google.common.collect.ImmutableMap                                          : loaded 2 times (x 116B)
Class org.gradle.internal.classpath.DefaultClassPath$ImmutableUniqueList$Builder      : loaded 2 times (x 71B)
Class com.google.common.collect.AbstractRangeSet                                      : loaded 2 times (x 110B)
Class com.google.common.base.CharMatcher$NegatedFastMatcher                           : loaded 2 times (x 109B)
Class com.google.common.cache.LocalCache                                              : loaded 2 times (x 183B)
Class com.google.common.cache.CacheBuilder$2                                          : loaded 2 times (x 75B)
Class com.google.common.collect.ArrayListMultimap                                     : loaded 2 times (x 168B)
Class com.google.common.cache.CacheBuilder$3                                          : loaded 2 times (x 68B)
Class [Lcom.google.common.collect.AbstractMapEntry;                                   : loaded 2 times (x 65B)
Class com.google.common.collect.ImmutableEntry                                        : loaded 2 times (x 78B)
Class org.gradle.api.GradleException                                                  : loaded 2 times (x 78B)
Class build_a3axe8ks1jcdaeg13kum4deg$_run_closure1                                    : loaded 2 times (x 135B)
Class com.google.common.collect.CollectPreconditions                                  : loaded 2 times (x 67B)
Class build_9qmqradqeyyswvicfp36crzxk                                                 : loaded 2 times (x 176B)
Class com.google.common.collect.SortedMapDifference                                   : loaded 2 times (x 66B)
Class build_9qmqradqeyyswvicfp36crzxk$_run_closure1                                   : loaded 2 times (x 135B)
Class com.google.common.cache.LocalCache$EntryFactory                                 : loaded 2 times (x 79B)
Class com.google.common.cache.LocalCache$AbstractReferenceEntry                       : loaded 2 times (x 103B)
Class org.gradle.internal.IoActions                                                   : loaded 2 times (x 67B)
Class build_d168xr6zkujem4997xvovdqpl$_run_closure1                                   : loaded 2 times (x 135B)
Class com.google.common.collect.ImmutableRangeSet$ComplementRanges                    : loaded 2 times (x 203B)
Class org.objectweb.asm.SymbolTable                                                   : loaded 2 times (x 68B)
Class com.google.common.cache.CacheLoader$InvalidCacheLoadException                   : loaded 2 times (x 78B)
Class com.google.common.collect.ImmutableSet$RegularSetBuilderImpl                    : loaded 2 times (x 73B)
Class org.gradle.internal.classloader.SystemClassLoaderSpec                           : loaded 2 times (x 67B)
Class build_ahgzc18218i8r8abwy8u6yny9$_run_closure1                                   : loaded 2 times (x 135B)
Class com.google.common.cache.LocalCache$StrongEntry                                  : loaded 2 times (x 104B)
Class com.google.common.util.concurrent.AbstractFuture$TrustedFuture                  : loaded 2 times (x 110B)
Class com.google.common.cache.LoadingCache                                            : loaded 2 times (x 66B)
Class org.objectweb.asm.MethodWriter                                                  : loaded 2 times (x 102B)
Class [Lcom.google.common.cache.Weigher;                                              : loaded 2 times (x 65B)
Class com.google.common.collect.RegularImmutableMap$BucketOverflowException           : loaded 2 times (x 78B)
Class com.google.common.collect.RegularImmutableBiMap                                 : loaded 2 times (x 145B)
Class com.google.common.base.CharMatcher$Negated                                      : loaded 2 times (x 109B)
Class com.google.common.base.CharMatcher$Is                                           : loaded 2 times (x 107B)
Class com.google.common.cache.LocalCache$ValueReference                               : loaded 2 times (x 66B)
Class NativePluginLoader$getPlugins                                                   : loaded 2 times (x 148B)
Class com.google.common.base.PatternCompiler                                          : loaded 2 times (x 66B)
Class com.google.common.util.concurrent.AbstractFuture$Failure                        : loaded 2 times (x 68B)
Class com.google.common.base.Equivalence$Equals                                       : loaded 2 times (x 78B)
Class com.google.common.collect.Hashing                                               : loaded 2 times (x 67B)
Class com.google.common.base.Preconditions                                            : loaded 2 times (x 67B)
Class build_vyyte73iy1d6kxn423qto62x$_run_closure1                                    : loaded 2 times (x 135B)
Class com.google.common.base.Joiner$1                                                 : loaded 2 times (x 76B)
Class org.objectweb.asm.Label                                                         : loaded 2 times (x 69B)
Class org.objectweb.asm.CurrentFrame                                                  : loaded 2 times (x 69B)
Class org.objectweb.asm.ClassTooLargeException                                        : loaded 2 times (x 79B)
Class com.google.common.base.CharMatcher                                              : loaded 2 times (x 107B)
Class com.google.common.collect.PeekingIterator                                       : loaded 2 times (x 66B)
Class com.google.common.collect.RangeGwtSerializationDependencies                     : loaded 2 times (x 67B)
Class com.google.common.base.Joiner$2                                                 : loaded 2 times (x 75B)
Class org.objectweb.asm.Frame                                                         : loaded 2 times (x 69B)
Class org.objectweb.asm.MethodVisitor                                                 : loaded 2 times (x 101B)
Class com.google.common.base.CharMatcher$NamedFastMatcher                             : loaded 2 times (x 108B)
Class com.google.common.base.CharMatcher$1                                            : loaded 2 times (x 109B)
Class com.google.common.cache.LocalCache$EntryFactory$1                               : loaded 2 times (x 79B)
Class [Lcom.google.common.cache.RemovalListener;                                      : loaded 2 times (x 65B)
Class com.google.common.collect.RangeSet                                              : loaded 2 times (x 66B)
Class com.google.common.cache.LocalCache$EntryFactory$2                               : loaded 2 times (x 79B)
Class org.gradle.api.internal.classpath.GlobalCacheRootsProvider                      : loaded 2 times (x 66B)
Class com.google.common.collect.CollectCollectors                                     : loaded 2 times (x 67B)
Class org.objectweb.asm.ModuleWriter                                                  : loaded 2 times (x 78B)
Class com.google.common.cache.LocalCache$EntryFactory$3                               : loaded 2 times (x 79B)
Class com.google.common.base.Ticker$1                                                 : loaded 2 times (x 68B)
Class com.google.common.collect.Maps$BiMapConverter                                   : loaded 2 times (x 86B)
Class com.google.common.collect.ImmutableMapEntrySet$RegularEntrySet                  : loaded 2 times (x 148B)
Class com.google.common.collect.SetMultimap                                           : loaded 2 times (x 66B)
Class com.google.common.base.CharMatcher$InRange                                      : loaded 2 times (x 107B)
Class com.google.common.cache.LocalCache$EntryFactory$4                               : loaded 2 times (x 79B)
Class com.google.common.collect.ImmutableSet$Builder                                  : loaded 2 times (x 81B)
Class com.google.common.cache.LocalCache$EntryFactory$5                               : loaded 2 times (x 79B)
Class com.google.common.cache.LocalCache$EntryFactory$6                               : loaded 2 times (x 79B)
Class Build_gradle                                                                    : loaded 2 times (x 126B)
Class org.gradle.internal.installation.CurrentGradleInstallationLocator               : loaded 2 times (x 67B)
Class com.google.common.collect.Maps$KeySet                                           : loaded 2 times (x 133B)
Class com.google.common.cache.LocalCache$EntryFactory$7                               : loaded 2 times (x 79B)
Class com.google.common.collect.ImmutableSet$EmptySetBuilderImpl                      : loaded 2 times (x 72B)
Class com.google.common.collect.ImmutableList                                         : loaded 2 times (x 202B)
Class org.gradle.internal.service.DefaultServiceLocator                               : loaded 2 times (x 79B)
Class com.google.common.cache.LocalCache$EntryFactory$8                               : loaded 2 times (x 79B)
Class com.google.common.collect.ImmutableSet$SetBuilderImpl                           : loaded 2 times (x 72B)
Class org.gradle.internal.installation.CurrentGradleInstallation                      : loaded 2 times (x 69B)
Class build_3xsvtw4zqimg8lyq7qw7gla9y$_run_closure1                                   : loaded 2 times (x 135B)
Class com.google.common.cache.CacheLoader$1                                           : loaded 2 times (x 71B)
Class com.google.common.collect.ImmutableList$SubList                                 : loaded 2 times (x 205B)
Class org.gradle.util.internal.GUtil                                                  : loaded 2 times (x 67B)
Class com.google.common.cache.AbstractCache$StatsCounter                              : loaded 2 times (x 66B)
Class com.google.common.collect.Iterators$MergingIterator                             : loaded 2 times (x 77B)
Class com.google.common.collect.RegularImmutableSet                                   : loaded 2 times (x 145B)
Class org.gradle.internal.installation.GradleInstallation                             : loaded 2 times (x 71B)
Class com.google.common.collect.Iterables                                             : loaded 2 times (x 67B)

---------------  S Y S T E M  ---------------

OS:
 Windows 11 , 64 bit Build 26100 (10.0.26100.9168)
OS uptime: 0 days 5:54 hours

CPU: total 4 (initial active 4) (4 cores per cpu, 2 threads per core) family 23 model 24 stepping 1 microcode 0x8108109, cx8, cmov, fxsr, ht, mmx, 3dnowpref, sse, sse2, sse3, ssse3, sse4a, sse4.1, sse4.2, popcnt, lzcnt, tsc, tscinvbit, avx, avx2, aes, clmul, bmi1, bmi2, adx, sha, fma, vzeroupper, clflush, clflushopt, rdtscp, f16c
Processor Information for all 4 processors :
  Max Mhz: 2600, Current Mhz: 2600, Mhz Limit: 2600

Memory: 4k page, system-wide physical 6094M (422M free)
TotalPageFile size 24526M (AvailPageFile size 55M)
current process WorkingSet (physical memory assigned to process): 539M, peak: 561M
current process commit charge ("private bytes"): 624M, peak: 683M

vm_info: OpenJDK 64-Bit Server VM (21.0.4+-12508038-b607.1) for windows-amd64 JRE (21.0.4+-12508038-b607.1), built on 2024-10-16T17:23:34Z by "builder" with MS VC++ 16.10 / 16.11 (VS2019)

END.
